Q	g	N_cur	raw	fresh	D_raw	D_fresh	N_cur_sec	raw_sec	fresh_sec	D_raw_sec	D_fresh_sec	N_cur_left	fresh_left	pct	pct_sec	fits	delta_lower	hist_range	hist_std	N_live	D_live	pct_live
4999	29	892032	61523	61523	3.5517	3.5517	1426	93	93	-5.3448	-5.3448	446011	30750	0.4286	0.8929	0	nan	30	6.8677	892032	3.5517	0.4286
4999	31	830509	57553	53583	2.5484	1.7742	1333	89	83	-3.0000	-3.0000	415261	26799	0.1333	0.8333	0	nan	38	9.4585	830509	1.7742	0.1333
4999	37	776926	48220	41982	2.0541	-14.0000	1250	78	69	0.9189	1.4324	388462	21010	0.6389	0.5556	0	nan	41	10.3637	776926	-14.0000	0.6389
4999	41	734944	43514	35854	0.2439	3.0732	1181	69	60	-0.5610	2.3902	367452	17927	0.1500	0.1750	0	nan	39	9.4665	734944	3.0732	0.1500
4999	43	699090	41486	32521	-3.8605	5.1860	1121	68	52	1.6744	-0.1395	349525	16266	0.3571	0.0238	0	nan	70	15.6217	699090	5.1860	0.3571
4999	47	666569	37966	28429	7.1915	64.3617	1069	58	44	-2.6809	-1.4894	333259	14231	0.9783	0.3478	0	nan	70	17.9077	666569	64.3617	0.9783
4999	53	638140	33667	24103	5.4151	22.2453	1025	55	41	1.1887	2.3208	319028	12039	0.6346	0.5192	0	nan	67	15.4349	638140	22.2453	0.6346
4999	59	614037	30245	20892	6.6271	77.1864	984	50	31	1.6610	-2.3559	306989	10441	0.9828	0.3966	0	nan	98	21.4034	614037	77.1864	0.9828
4999	61	593145	29250	19532	3.0492	84.6230	953	48	35	1.2459	3.7541	296548	9781	0.9833	0.7333	0	nan	98	21.1835	593145	84.6230	0.9833
4999	67	573613	26628	17141	0.1791	18.2239	918	49	33	6.4328	5.5970	286767	8576	0.7273	0.8939	0	nan	97	17.9044	573613	18.2239	0.7273
4999	71	556472	25142	15729	14.3380	53.7324	885	39	27	-1.1690	2.0704	278191	7845	0.9857	0.3714	0	nan	93	18.8038	556470	53.7887	0.9857
4999	73	540743	24432	14873	-7.2329	58.1233	858	39	22	-0.0685	-1.5068	270346	7415	0.9861	0.4722	0	nan	108	19.8460	540738	58.2603	0.9861
4999	79	525870	22575	13335	-8.0886	21.8354	836	38	21	1.8987	-0.1646	262931	6633	0.6538	0.1026	0	nan	87	19.4172	525850	22.3418	0.6538
4999	83	512535	21488	12338	-6.7470	-12.2410	815	35	23	0.6386	3.3614	256298	6136	0.3049	0.7317	0	nan	91	20.4034	512501	-11.4217	0.3049
4999	89	500197	20042	11289	-3.6629	48.6180	792	32	21	-0.0449	3.2022	250162	5579	0.9886	0.6364	0	nan	125	21.2184	500149	49.6966	0.9886
4999	97	488908	18394	10079	1.5876	-1.5773	771	30	17	0.5979	1.1031	244583	4972	0.0938	0.3646	0	nan	78	17.7322	488839	-0.1546	0.0208
4999	101	478829	17657	9442	-7.0000	-39.7624	754	23	15	-5.2376	0.0693	239611	4683	0.8600	0.1000	0	nan	111	22.5293	478745	-38.0990	0.8300
4999	103	469387	17320	9029	-1.0097	-85.3107	739	29	20	1.3107	5.6505	234928	4484	0.9902	0.9510	0	nan	109	20.3029	469296	-83.5437	0.9902
4999	107	460358	16676	8563	2.5047	-41.8224	719	30	13	3.3458	-0.4393	230444	4250	0.9151	0.0849	0	nan	130	23.5844	460257	-39.9346	0.8774
4999	109	451795	16364	8193	-3.5596	-96.8165	706	27	19	0.8349	6.0459	226194	4083	0.9907	0.9815	0	nan	106	21.8911	451688	-94.8532	0.9907
4999	113	443602	15790	7789	1.8230	-62.3628	687	27	15	1.7611	2.8407	222111	3842	0.9911	0.7054	0	nan	96	20.6433	443484	-60.2743	0.9911
4999	127	435813	14035	6738	-12.7480	-125.1969	672	20	8	-2.4567	-2.5827	218269	3339	0.9921	0.7063	0	nan	129	21.5623	435653	-122.6772	0.9921
4999	131	429075	13625	6429	6.1908	-121.7634	664	22	13	0.2290	2.8626	214930	3172	0.9923	0.7154	0	nan	159	23.1690	428903	-119.1374	0.9923
4999	137	422646	13024	6038	1.6350	-132.0146	651	21	8	0.1825	-1.5036	211758	2990	0.9926	0.4853	0	nan	122	20.7447	422447	-129.1095	0.9926
4999	139	416608	12841	5869	6.0072	-125.3597	643	20	10	-0.5180	0.7482	208768	2878	0.9928	0.2826	0	nan	119	22.5038	416403	-122.4101	0.9928
4999	149	410739	11972	5362	-1.5839	-151.2752	633	14	8	-5.1409	-0.4966	205890	2629	0.9932	0.0811	0	nan	148	23.1790	410489	-147.9195	0.9932
4999	151	405377	11823	5265	8.0066	-104.2318	625	20	11	1.1126	2.7219	203261	2596	0.9933	0.7600	0	nan	122	21.1105	405117	-100.7881	0.9933
4999	157	400112	11361	4929	-2.4650	-167.9682	614	19	11	0.8344	3.1783	200665	2425	0.9936	0.8141	0	nan	146	22.1919	399832	-164.4013	0.9936
4999	163	395183	10940	4699	-5.1779	-149.8712	603	20	7	2.5031	-0.3988	198240	2326	0.9938	0.1173	0	nan	134	21.9704	394886	-146.2270	0.9938
4999	167	390484	10688	4571	4.9820	-105.4551	596	15	5	-2.0778	-2.1377	195914	2275	0.9940	0.5964	0	nan	120	19.5150	390166	-101.6467	0.9940
4999	173	385913	10312	4315	-0.5087	-146.4220	591	14	3	-2.4855	-3.8324	193639	2131	0.9942	0.8953	0	nan	129	20.7244	385572	-142.4798	0.9942
4999	179	381598	9981	4106	14.1620	-157.6648	588	14	3	-1.9330	-3.5698	191508	2062	0.9944	0.9270	0	nan	126	21.9938	381232	-153.5754	0.9944
4999	181	377492	9849	4022	-7.7072	-149.1823	585	15	6	-0.7569	-0.4641	189446	1997	0.9944	0.1333	0	nan	152	21.7080	377113	-144.9945	0.9944
4999	191	373470	9331	3748	-9.6492	-162.6806	579	12	2	-2.9319	-4.0628	187449	1874	0.9947	0.9737	0	nan	149	21.5464	373042	-158.1990	0.9947
4999	193	369722	9243	3668	-0.8549	-163.3161	577	15	5	0.2228	-0.9793	185575	1858	0.9948	0.3125	0	nan	136	20.1874	369287	-158.8083	0.9948
4999	197	366054	9065	3530	8.8376	-186.2843	572	16	5	1.5228	-0.8071	183717	1785	0.9949	0.2449	0	nan	184	22.6270	365599	-181.6650	0.9949
4999	199	362524	8967	3468	1.8543	-175.4573	567	15	9	0.6683	3.3015	181932	1759	0.9949	0.8535	0	nan	149	22.6233	362061	-170.8040	0.9949
4999	211	359056	8460	3248	4.7204	-155.3744	558	12	5	-1.5166	-0.2891	180173	1649	0.9952	0.1286	0	nan	142	19.8003	358541	-150.4929	0.9952
4999	223	355808	8000	3058	-0.2870	-133.1031	553	13	4	0.2108	-0.9596	178524	1578	0.9955	0.3649	0	nan	124	20.6279	355234	-127.9552	0.9955
4999	227	352750	7875	2964	15.6872	-143.9295	549	13	5	0.4361	0.1630	176946	1524	0.9956	0.1106	0	nan	156	20.2686	352153	-138.6696	0.9956
4999	229	349786	7795	2883	4.3275	-171.8996	544	19	11	6.5459	6.2489	175422	1503	0.9956	0.9956	0	nan	153	20.9099	349180	-166.6070	0.9956
4999	233	346903	7659	2830	2.0730	-147.7082	533	15	4	2.7597	-0.5751	173919	1488	0.9957	0.3491	0	nan	135	19.3192	346281	-142.3691	0.9957
4999	239	344073	7471	2728	6.2971	-151.2720	529	11	4	-0.9331	-0.4268	172431	1410	0.9958	0.1429	0	nan	168	21.9514	343419	-145.7992	0.9958
4999	241	341345	7403	2712	0.2448	-120.7386	525	10	4	-1.8340	-0.3568	171021	1436	0.9958	0.1542	0	nan	140	19.9420	340682	-115.2365	0.9958
4999	251	338633	7115	2576	7.1753	-122.2709	521	15	6	3.6375	1.8486	169585	1390	0.9960	0.7040	0	nan	121	19.3083	337924	-116.6215	0.9960
4999	257	336057	6948	2490	6.1167	-125.2296	515	13	8	1.9027	3.9922	168195	1305	0.9961	0.9570	0	nan	111	19.5096	335315	-119.4553	0.9961
4999	263	333567	6786	2409	2.4867	-127.6312	507	10	2	-0.8441	-1.8555	166890	1266	0.9962	0.7137	0	nan	133	18.8045	332798	-121.7833	0.9962
4999	269	331158	6629	2388	-3.2082	-74.1413	505	9	3	-1.6022	-0.7546	165624	1260	0.9963	0.3806	0	nan	100	17.6433	330346	-68.1041	0.9963
4999	271	328770	6586	2356	2.7380	-70.3469	502	10	2	-0.5240	-1.7048	164364	1249	0.9963	0.6852	0	nan	106	18.4606	327951	-64.3026	0.9889
4999	277	326414	6444	2305	3.3357	-51.7798	500	9	3	-1.2960	-0.6101	163115	1231	0.9638	0.3587	0	nan	89	17.3584	325565	-45.6498	0.9529
4999	281	324109	6348	2223	-0.9822	-83.8256	497	11	5	0.8505	1.4626	161884	1182	0.9964	0.5286	0	nan	100	17.8102	323240	-77.6406	0.9964
4999	283	321886	6311	2226	6.8869	-48.8127	492	12	1	1.9223	-2.4770	160702	1176	0.9823	0.8085	0	nan	102	17.9629	321005	-42.5866	0.9255
4999	293	319660	6090	2151	1.0444	-30.9795	491	11	3	1.2662	-0.3515	159526	1138	0.8596	0.1301	0	nan	100	16.6552	318711	-24.5017	0.7979
4999	307	317509	5814	2052	2.7166	-16.4625	488	9	1	-0.2899	-2.1792	158388	1090	0.5686	0.8268	0	nan	106	17.3814	316472	-9.7068	0.3301
4999	311	315457	5727	2015	-9.5402	-13.6624	487	8	3	-1.1704	-0.1318	157298	1085	0.4839	0.0968	0	nan	83	16.4167	314398	-6.8521	0.2419
4999	313	313442	5706	1966	6.1150	-36.8243	484	9	3	-0.1118	-0.0927	156213	1045	0.9103	0.1186	0	nan	84	16.1783	312365	-29.9425	0.8429
4999	317	311476	5636	1947	8.0379	-18.1483	481	8	2	-0.9968	-1.0347	155168	1042	0.6392	0.5823	0	nan	90	16.7260	310375	-11.2019	0.4146
4999	331	309529	5389	1899	-0.9215	28.7341	479	10	3	1.3837	0.1057	154126	993	0.7667	0.1424	0	nan	99	16.9971	308340	35.9184	0.8727
4999	337	307630	5298	1863	4.0415	37.3027	476	6	4	-2.4629	1.1751	153133	969	0.8869	0.6250	0	nan	93	16.1474	306400	44.6024	0.9613
4999	347	305767	5139	1771	-2.3948	8.6542	472	9	3	0.7810	0.2795	152164	924	0.2717	0.1416	0	nan	102	18.0787	304467	16.1470	0.5029
4999	349	303996	5127	1782	15.0688	39.9026	469	11	1	2.8281	-1.6877	151240	954	0.9454	0.7557	0	nan	94	16.5171	302682	47.4327	0.9799
4999	353	302214	5059	1735	4.9943	22.7394	468	6	0	-2.0793	-2.6516	150286	931	0.7045	0.9517	0	nan	95	16.6030	300871	30.3484	0.8210
4999	359	300479	4971	1690	1.4624	16.0223	468	9	1	1.0557	-1.6072	149355	911	0.5084	0.7430	0	nan	102	15.9986	299101	23.6992	0.6927
4999	367	298789	4861	1701	-0.2098	72.7221	467	5	0	-2.7711	-2.5450	148444	902	0.9973	0.9372	0	nan	115	16.3605	297355	80.5368	0.9973
4999	373	297088	4795	1675	11.9866	82.0349	467	10	4	2.3539	1.4960	147542	870	0.9973	0.6317	0	nan	100	17.2083	295613	89.9437	0.9973
4999	379	295413	4718	1645	10.7071	86.0923	463	9	0	1.4749	-2.4433	146672	863	0.9974	0.8942	0	nan	119	15.4904	293899	94.0818	0.9974
4999	383	293768	4651	1637	-7.1305	102.9634	463	5	0	-2.4465	-2.4178	145809	859	0.9974	0.9058	0	nan	96	15.6159	292228	111.0052	0.9974
4999	389	292131	4591	1592	4.7172	90.0411	463	6	2	-1.3316	-0.3805	144950	833	0.9974	0.1675	0	nan	98	16.7143	290542	98.2108	0.9974
4999	397	290539	4493	1539	-0.8640	75.3275	461	3	1	-4.1839	-1.3224	144117	828	0.9975	0.6288	0	nan	105	16.1053	288884	83.6650	0.9975
4999	401	289000	4452	1516	2.9626	74.6035	460	8	2	0.8878	-0.2943	143289	809	0.9975	0.1475	0	nan	108	15.1711	287316	83.0025	0.9975
4999	409	287484	4366	1489	3.9853	83.2103	458	6	0	-0.9731	-2.2396	142480	796	0.9975	0.9044	0	nan	98	15.1941	285746	91.7090	0.9975
4999	419	285995	4254	1478	-3.9093	112.8687	458	6	1	-0.8067	-1.1862	141684	780	0.9976	0.6220	0	nan	97	16.1354	284197	121.4511	0.9976
4999	421	284517	4241	1456	3.3183	104.3753	457	7	1	0.2257	-1.1710	140904	776	0.9976	0.6000	0	nan	115	15.9600	282695	113.0309	0.9976
4999	431	283061	4146	1446	6.6404	132.4919	456	8	2	1.3828	-0.1160	140128	771	0.9977	0.1721	0	nan	136	16.0869	281149	141.3643	0.9977
4999	433	281615	4126	1365	5.7598	64.2379	454	9	2	2.4134	-0.0970	139357	729	0.9977	0.1366	0	nan	84	14.5334	279684	73.1570	0.9977
4999	439	280250	4070	1392	6.0729	115.2346	452	6	3	-0.4966	0.9408	138628	723	0.9977	0.4064	0	nan	109	15.3639	278275	124.2323	0.9977
4999	443	278858	4024	1350	-3.2325	91.0474	449	9	4	2.5621	1.9729	137905	703	0.9977	0.7919	0	nan	128	15.2205	276860	100.0677	0.9977
4999	449	277508	3974	1378	0.5835	141.8842	445	8	3	1.6481	1.0178	137202	736	0.9978	0.6317	0	nan	134	15.1034	275464	150.9889	0.9978
4999	457	276130	3920	1300	16.1400	91.5536	442	4	1	-2.2407	-0.9344	136466	695	0.9978	0.4320	0	nan	99	15.1372	274016	100.8053	0.9978
4999	461	274830	3866	1307	-3.9870	114.6790	441	7	2	0.8134	0.0868	135771	688	0.9978	0.1239	0	nan	113	14.5174	272683	123.9935	0.9978
4999	463	273523	3857	1304	3.7300	122.4752	439	9	4	2.8402	2.1037	135083	682	0.9978	0.9264	0	nan	119	14.8013	271366	131.7927	0.9978
4999	467	272219	3824	1287	3.7345	121.1799	435	4	1	-2.1071	-0.8630	134401	656	0.9979	0.4571	0	nan	115	15.3435	270032	130.5460	0.9979
4999	479	270932	3720	1266	-4.5595	134.7599	434	6	1	0.0459	-0.8121	133745	672	0.9979	0.4707	0	nan	123	15.3910	268645	144.3090	0.9979
4999	487	269666	3666	1211	2.6242	103.5421	433	5	1	-0.8563	-0.7782	133073	643	0.9979	0.4712	0	nan	106	15.2390	267305	113.2382	0.9979
4999	491	268455	3640	1231	6.4684	137.4969	432	6	1	0.1914	-0.7597	132430	631	0.9980	0.4673	0	nan	126	14.1444	266070	147.2118	0.9980
4999	499	267224	3576	1212	0.7214	140.9619	431	9	5	3.2846	3.2725	131799	621	0.9980	0.9859	0	nan	121	15.4447	264769	150.8016	0.9980
4999	503	266012	3544	1190	-2.8469	132.2982	426	4	2	-1.6700	0.3062	131178	625	0.9980	0.1116	0	nan	115	14.5043	263529	142.1710	0.9980
4999	509	264822	3513	1173	7.9627	132.4420	424	6	4	0.3969	2.3340	130553	614	0.9980	0.9567	0	nan	123	14.8580	262293	142.3792	0.9980
4999	521	263649	3429	1111	4.6929	98.9117	420	4	0	-1.4741	-1.6123	129939	582	0.9981	0.8423	0	nan	95	14.2779	261011	109.0384	0.9981
4999	523	262538	3416	1137	4.7878	133.0306	420	8	3	2.5468	1.3939	129357	590	0.9981	0.6935	0	nan	103	14.7925	259879	143.1989	0.9981
4999	541	261401	3308	1088	10.2847	121.6377	417	7	1	1.7283	-0.5416	128767	581	0.9981	0.4722	0	nan	108	14.3724	258585	132.0481	0.9981
4999	547	260313	3273	1096	11.4570	144.2157	416	5	2	-0.2139	0.4790	128186	575	0.9982	0.1410	0	nan	127	13.7905	257452	154.6764	0.9982
4999	557	259217	3194	1079	-8.9874	148.2388	414	6	0	0.8797	-1.4865	127611	565	0.9982	0.6942	0	nan	115	14.4151	256257	158.8671	0.9982
4999	563	258138	3167	1058	-1.8526	140.9911	414	5	3	-0.0657	1.5293	127046	574	0.9982	0.8986	0	nan	122	14.4258	255124	151.6980	0.9982
4999	569	257080	3152	1034	16.5624	130.3796	411	7	0	1.9877	-1.4446	126472	543	0.9982	0.7254	0	nan	129	14.6879	253995	141.2232	0.9982
4999	571	256046	3126	1020	1.5447	123.1664	411	7	0	2.0053	-1.4396	125929	530	0.9982	0.7789	0	nan	116	14.2244	252940	134.0455	0.9982
4999	577	255026	3099	1060	7.0347	176.0277	411	5	0	0.0572	-1.4246	125399	557	0.9983	0.7066	0	nan	143	13.9316	251853	187.0260	0.9983
4999	587	253966	3038	1003	-1.2913	137.6985	411	5	1	0.1414	-0.4003	124842	535	0.9983	0.1809	0	nan	136	13.9398	250711	148.7888	0.9983
4999	593	252963	3018	948	9.4604	94.8364	410	5	1	0.1906	-0.3828	124307	497	0.9983	0.1909	0	nan	92	13.4482	249656	105.9899	0.9983
4999	599	252015	2981	958	2.5960	116.5476	409	5	3	0.2387	1.6344	123810	499	0.9983	0.9080	0	nan	104	14.4103	248648	127.7896	0.9983
4999	601	251057	2973	956	4.5075	120.5358	406	4	0	-0.7454	-1.3511	123311	511	0.9983	0.7633	0	nan	98	13.4101	247670	131.8070	0.9983
4999	607	250101	2936	960	-3.1499	135.9440	406	6	2	1.3015	0.6623	122800	494	0.9983	0.4686	0	nan	136	14.4113	246662	147.2751	0.9983
4999	613	249141	2904	951	-6.3817	138.1419	404	3	2	-1.6525	0.6819	122306	501	0.9984	0.5327	0	nan	129	14.0065	245650	149.5318	0.9984
4999	617	248190	2895	955	3.4862	150.4943	402	3	2	-1.6224	0.6969	121805	500	0.9984	0.4724	0	nan	125	13.6303	244666	161.9173	0.9984
4999	619	247235	2880	938	-2.1712	139.1793	400	4	1	-0.6074	-0.2924	121305	503	0.9984	0.1958	0	nan	123	13.5574	243691	150.6300	0.9984
4999	631	246297	2824	908	-3.3597	127.3439	399	5	1	0.4802	-0.2647	120802	463	0.9984	0.1794	0	nan	109	13.6265	242634	138.9540	0.9984
4999	641	245389	2785	896	1.7488	130.3557	398	5	3	0.5507	1.7582	120339	481	0.9984	0.9234	0	nan	102	13.1517	241624	142.1030	0.9984
4999	643	244493	2775	903	0.4059	142.5241	395	5	2	0.5645	0.7714	119858	476	0.9984	0.5062	0	nan	136	13.2527	240709	154.2939	0.9984
4999	647	243590	2757	884	-0.4405	131.0170	393	5	2	0.5920	0.7852	119382	471	0.9985	0.5495	0	nan	110	13.2125	239766	142.8377	0.9985
4999	653	242706	2734	875	1.8959	131.6432	391	5	3	0.6325	1.8025	118911	459	0.9985	0.9371	0	nan	110	13.2611	238818	143.5513	0.9985
4999	659	241831	2699	875	-8.2291	141.0668	388	3	0	-1.3278	-1.1775	118452	470	0.9985	0.7432	0	nan	119	13.8902	237870	153.0880	0.9985
4999	661	240956	2702	894	2.9622	164.9349	388	4	2	-0.3147	0.8260	117982	459	0.9985	0.5576	0	nan	137	13.5079	236973	176.9864	0.9985
4999	673	240062	2651	869	0.0877	155.5914	386	3	0	-1.2377	-1.1471	117523	461	0.9985	0.7381	0	nan	124	13.2059	235971	167.7489	0.9985
4999	677	239193	2655	864	19.7504	157.3737	386	5	1	0.7873	-0.1403	117062	453	0.9985	0.1746	0	nan	136	13.4043	235060	169.5835	0.9985
4999	683	238329	2610	825	-2.0996	127.1113	385	3	1	-1.1757	-0.1274	116609	408	0.9985	0.2463	0	nan	127	12.8473	234137	139.3865	0.9985
4999	691	237504	2587	840	5.1418	152.5789	384	4	1	-0.1274	-0.1114	116201	426	0.9986	0.1971	0	nan	114	12.9753	233232	164.9436	0.9986
4999	701	236664	2546	846	0.9729	170.7817	383	3	0	-1.0685	-1.0927	115775	436	0.9986	0.7429	0	nan	123	12.6622	232287	183.2696	0.9986
4999	709	235818	2521	790	4.6897	124.7870	383	3	1	-1.0226	-0.0804	115339	412	0.9986	0.2331	0	nan	109	13.2046	231362	137.3568	0.9986
4999	719	235028	2479	788	-2.3129	134.2364	382	4	1	0.0334	-0.0626	114927	400	0.9986	0.2173	0	nan	109	12.8501	230471	146.9124	0.9986
4999	727	234240	2458	787	3.9917	142.5983	381	6	1	2.0770	-0.0481	114527	398	0.9986	0.2355	0	nan	116	12.1424	229578	155.4237	0.9986
4999	733	233453	2430	776	-3.9209	139.0205	380	4	2	0.1091	0.9632	114129	403	0.9986	0.4699	0	nan	112	12.9331	228728	151.9127	0.9986
4999	739	232677	2412	785	-2.1597	155.2923	378	2	0	-1.8593	-1.0230	113726	404	0.9986	0.7656	0	nan	125	12.1153	227881	168.2720	0.9986
4999	743	231892	2405	763	3.8371	138.7954	378	5	1	1.1615	-0.0175	113322	385	0.9987	0.1873	0	nan	129	13.3170	227054	151.8183	0.9987
4999	751	231129	2380	751	4.4154	135.4767	377	2	0	-1.7976	-1.0040	112937	397	0.9987	0.7600	0	nan	105	11.9550	226208	148.5819	0.9987
4999	757	230378	2358	778	1.2444	169.3395	377	3	1	-0.7675	0.0040	112540	399	0.9987	0.1997	0	nan	134	12.7533	225384	182.5337	0.9987
4999	761	229600	2343	742	-1.3679	138.5834	376	5	1	1.2523	0.0118	112141	392	0.9987	0.1908	0	nan	119	12.4267	224558	151.8344	0.9987
4999	769	228858	2318	720	-1.9792	124.7906	375	2	1	-1.7087	0.0247	111749	364	0.9987	0.1706	0	nan	107	12.4325	223718	138.1586	0.9987
4999	773	228138	2306	723	-1.9741	132.7335	374	3	1	-0.6895	0.0323	111385	388	0.9987	0.2047	0	nan	109	11.9612	222948	146.1617	0.9987
4999	787	227415	2273	713	6.0826	135.0712	373	1	0	-2.6239	-0.9479	110997	346	0.9987	0.6005	0	nan	105	12.0529	222065	148.6671	0.9987
4999	797	226702	2248	728	9.5257	159.1117	373	6	2	2.4216	1.0640	110651	370	0.9987	0.8555	0	nan	130	12.6666	221234	172.8331	0.9987
4999	809	225974	2203	694	-2.2707	135.3498	371	4	1	0.4747	0.0828	110281	344	0.9988	0.1918	0	nan	112	12.1151	220356	149.2386	0.9988
4999	811	225280	2202	687	2.1677	131.4390	370	6	3	2.4834	2.0875	109937	337	0.9988	0.9642	0	nan	102	11.9285	219643	145.3403	0.9988
4999	821	224593	2170	688	-3.0378	140.8794	367	4	2	0.5262	1.1060	109600	356	0.9988	0.8585	0	nan	113	12.2632	218832	154.9135	0.9988
4999	823	223905	2172	667	4.2430	122.8809	365	4	1	0.5346	0.1130	109244	345	0.9988	0.2117	0	nan	102	11.9727	218120	136.9392	0.9988
4999	827	223238	2165	653	7.7279	113.1258	364	4	1	0.5514	0.1197	108899	340	0.9988	0.1901	0	nan	95	11.4805	217404	127.2346	0.9988
4999	829	222585	2164	661	11.9324	124.0036	363	2	1	-1.4403	0.1242	108559	318	0.9988	0.2150	0	nan	96	12.2717	216727	138.1363	0.9988
4999	839	221924	2124	680	-2.4172	150.9797	362	4	2	0.6007	1.1371	108241	344	0.9988	0.8783	0	nan	114	11.4702	215958	165.2014	0.9988
4999	853	221244	2100	653	8.4830	134.2567	360	3	1	-0.3435	0.1559	107897	320	0.9988	0.1890	0	nan	102	11.5883	215113	148.6319	0.9988
4999	857	220591	2086	638	4.2450	123.2019	359	3	1	-0.3279	0.1622	107577	329	0.9988	0.2009	0	nan	117	11.9956	214417	137.6103	0.9988
4999	859	219953	2081	634	4.0920	121.8859	358	4	1	0.6799	0.1665	107248	308	0.9988	0.2098	0	nan	106	11.4655	213752	136.3236	0.9988
4999	863	219319	2067	671	-0.2816	162.7289	357	3	0	-0.3048	-0.8273	106940	346	0.9988	0.5882	0	nan	126	11.7466	213068	177.2155	0.9988
4999	877	218648	2029	649	-5.2805	150.3729	357	0	0	-3.2520	-0.8141	106594	339	0.9989	0.6130	0	nan	111	12.0252	212240	164.9863	0.9989
4999	881	217999	2020	607	-5.0443	112.1101	357	3	1	-0.2372	0.1896	106255	315	0.9989	0.1864	0	nan	97	11.0808	211534	126.7866	0.9989
4999	883	217392	2017	638	-3.4575	145.6059	356	3	1	-0.2299	0.1937	105940	316	0.9989	0.1973	0	nan	121	11.3886	210902	160.3058	0.9989
4999	887	216754	2009	642	-2.3461	153.2649	355	4	0	0.7847	-0.8005	105624	317	0.9989	0.5824	0	nan	124	12.1114	210208	168.0248	0.9989
4999	907	216112	1966	616	-0.9945	139.4576	355	4	1	0.8556	0.2172	105307	323	0.9989	0.2086	0	nan	108	11.5522	209321	154.4322	0.9989
4999	911	215496	1962	592	3.6422	118.9023	354	2	0	-1.1306	-0.7772	104984	307	0.9989	0.6044	0	nan	103	10.9396	208646	133.9407	0.9989
4999	919	214904	1941	590	-0.3101	122.3090	354	2	0	-1.1034	-0.7704	104677	293	0.9989	0.5959	0	nan	93	10.9425	207946	137.4516	0.9989
4999	929	214314	1922	596	1.5867	134.6136	354	3	1	-0.0700	0.2379	104384	320	0.9989	0.2037	0	nan	113	11.4106	207237	149.8493	0.9989
4999	937	213718	1905	593	0.9829	136.8250	353	2	0	-1.0438	-0.7535	104064	301	0.9989	0.6496	0	nan	105	10.5740	206529	152.1697	0.9989
4999	941	213125	1902	589	6.0765	136.0244	353	2	1	-1.0308	0.2497	103763	300	0.9989	0.1968	0	nan	107	11.5860	205883	151.4166	0.9989
4999	947	212536	1883	582	-0.9113	133.1383	352	5	2	1.9884	1.2566	103463	291	0.9989	0.9017	0	nan	120	11.2548	205208	148.6146	0.9989
4999	953	211954	1872	573	-0.0504	128.1857	350	3	0	0.0073	-0.7345	103172	297	0.9989	0.6292	0	nan	95	10.9269	204558	143.7072	0.9989
4999	967	211381	1835	537	-9.9473	99.8108	350	5	0	2.0507	-0.7239	102875	271	0.9990	0.6108	0	nan	95	10.8777	203784	115.5233	0.9990
4999	971	210844	1838	561	0.6529	126.7178	350	5	2	2.0628	1.2791	102604	286	0.9990	0.9031	0	nan	98	11.1071	203199	142.4645	0.9990
4999	977	210283	1824	549	-2.0635	118.5333	348	2	1	-0.9191	0.2876	102318	287	0.9990	0.1855	0	nan	95	10.9298	202557	134.3490	0.9990
4999	983	209734	1810	567	-4.9176	140.2777	347	4	2	1.0987	1.2940	102031	278	0.9990	0.9084	0	nan	115	11.1765	201918	156.1801	0.9990
4999	991	209167	1799	553	-1.2664	130.8668	345	4	1	1.1221	0.3037	101753	281	0.9990	0.1697	0	nan	112	11.1080	201242	146.8607	0.9990
4999	997	208614	1785	520	-4.4323	101.5165	344	2	1	-0.8606	0.3099	101472	255	0.9990	0.1857	0	nan	95	10.7488	200618	117.5567	0.9990
4999	1009	208094	1773	547	4.8494	134.5243	343	3	0	0.1734	-0.6799	101217	279	0.9990	0.6161	0	nan	109	10.8930	199907	150.7522	0.9990
4999	1013	207547	1769	543	7.8312	133.2330	343	4	2	1.1846	1.3228	100938	263	0.9990	0.9200	0	nan	95	10.4888	199306	149.5035	0.9990
4999	1019	207004	1754	551	3.2012	144.7115	341	3	2	0.2012	1.3307	100675	283	0.9990	0.9224	0	nan	114	11.0644	198674	161.0608	0.9990
4999	1021	206453	1742	535	-5.3692	130.5867	339	2	1	-0.7933	0.3359	100392	275	0.9990	0.1892	0	nan	109	10.7367	198093	146.9628	0.9990
4999	1031	205918	1728	527	-2.4210	127.5470	338	1	1	-1.7662	0.3443	100117	260	0.9990	0.2058	0	nan	97	11.0416	197421	144.0301	0.9990
4999	1033	205391	1722	536	-5.0707	138.3408	337	1	1	-1.7609	0.3475	99857	273	0.9990	0.2045	0	nan	108	10.8081	196867	154.8441	0.9990
4999	1039	204855	1720	506	2.9028	111.6689	336	2	0	-0.7449	-0.6468	99584	250	0.9990	0.6060	0	nan	92	10.8329	196239	128.2541	0.9990
4999	1049	204349	1708	509	7.2717	119.3928	336	3	1	0.2812	0.3594	99334	244	0.9990	0.1908	0	nan	104	10.3474	195579	136.1134	0.9990
4999	1051	203840	1696	536	-1.4919	148.1028	335	2	1	-0.7136	0.3625	99090	274	0.9990	0.1810	0	nan	124	10.5236	195047	164.8354	0.9990
4999	1061	203304	1686	506	4.5071	122.7691	334	4	1	1.3120	0.3704	98816	252	0.9991	0.1830	0	nan	105	10.5400	194363	139.6230	0.9991
4999	1063	202798	1684	472	5.6707	90.4421	333	4	0	1.3170	-0.6265	98564	237	0.9991	0.6224	0	nan	92	10.6437	193823	107.3283	0.9991
4999	1069	202326	1666	504	-2.9093	125.4668	333	3	0	0.3321	-0.6230	98327	247	0.9991	0.6096	0	nan	105	10.2100	193256	142.4359	0.9991
4999	1087	201822	1648	498	6.7268	126.6624	333	2	1	-0.6237	0.3873	98080	246	0.9991	0.1759	0	nan	99	11.1193	192487	143.8381	0.9991
4999	1091	201324	1645	473	9.7443	103.9368	332	0	0	-2.6141	-0.6086	97834	254	0.9991	0.6422	0	nan	89	9.6556	191921	121.1742	0.9991
4999	1093	200851	1645	484	12.7365	116.4776	332	3	0	0.3907	-0.6075	97580	253	0.9991	0.6145	0	nan	106	10.5454	191419	133.7365	0.9991
4999	1097	200367	1633	489	6.6882	123.7001	332	3	1	0.4002	0.3947	97327	231	0.9991	0.1843	0	nan	95	9.8234	190876	141.0036	0.9991
4999	1103	199878	1625	470	7.5349	107.5739	331	0	0	-2.5857	-0.6002	97096	227	0.9991	0.6216	0	nan	95	10.3604	190311	124.9211	0.9991
4999	1109	199408	1607	458	-1.7142	98.3823	331	3	0	0.4283	-0.5969	96869	225	0.9991	0.6273	0	nan	86	10.0488	189752	115.7962	0.9991
4999	1117	198950	1596	463	-1.1925	106.7780	331	3	1	0.4467	0.4073	96644	224	0.9991	0.1846	0	nan	87	10.2869	189166	124.2963	0.9991
4999	1123	198487	1597	473	8.3411	119.5058	330	5	4	2.4604	3.4123	96420	224	0.9991	0.9991	0	nan	94	9.9086	188612	137.0926	0.9991
4999	1129	198014	1581	477	0.7839	126.2223	326	2	0	-0.5261	-0.5775	96196	239	0.9991	0.6294	0	nan	104	10.2961	188044	143.8840	0.9991
4999	1151	197537	1548	458	-2.0122	114.7559	326	2	2	-0.4778	1.4335	95957	238	0.9991	0.9504	0	nan	95	9.8165	187235	132.6568	0.9991
4999	1153	197079	1548	439	0.6765	97.1457	324	2	0	-0.4735	-0.5620	95719	214	0.9991	0.6363	0	nan	89	10.1076	186756	115.0520	0.9991
4999	1163	196640	1536	450	1.9811	111.8401	324	3	0	0.5477	-0.5572	95505	227	0.9991	0.6343	0	nan	92	9.7208	186139	129.8985	0.9991
4999	1171	196190	1522	456	-1.5389	120.9189	324	3	0	0.5645	-0.5534	95278	220	0.9991	0.6299	0	nan	98	10.1355	185559	139.0760	0.9991
4999	1181	195734	1513	451	2.3616	119.5284	324	4	2	1.5851	1.4513	95058	212	0.9992	0.9449	0	nan	93	9.8466	184945	137.7993	0.9992
4999	1187	195283	1505	446	1.9975	116.9638	322	3	1	0.5973	0.4575	94846	222	0.9992	0.1788	0	nan	96	9.9392	184392	135.3142	0.9992
4999	1193	194837	1496	460	0.5566	133.3663	321	1	1	-1.3906	0.4619	94624	234	0.9992	0.1669	0	nan	107	9.4641	183864	151.7619	0.9992
4999	1201	194377	1491	447	5.5179	123.3081	320	5	1	2.6253	0.4671	94390	214	0.9992	0.1858	0	nan	94	9.8765	183291	141.7694	0.9992
4999	1213	193930	1473	426	2.2135	106.2473	319	4	0	1.6488	-0.5260	94176	213	0.9992	0.6320	0	nan	114	9.8247	182650	124.8458	0.9992
4999	1217	193504	1479	421	13.0477	102.9984	319	3	1	0.6565	0.4758	93963	211	0.9992	0.1554	0	nan	91	9.4563	182156	121.6475	0.9992
4999	1223	193083	1467	411	8.2396	95.2469	318	2	1	-0.3320	0.4800	93752	207	0.9992	0.1751	0	nan	81	9.6581	181637	113.9648	0.9992
4999	1229	192672	1455	428	3.3613	114.4573	317	3	0	0.6794	-0.5159	93545	220	0.9992	0.5985	0	nan	96	9.9638	181124	133.2498	0.9992
4999	1231	192244	1456	419	6.7197	106.6621	317	3	0	0.6832	-0.5150	93325	199	0.9992	0.6089	0	nan	91	9.7319	180661	125.4809	0.9992
4999	1237	191825	1443	417	0.7494	106.8545	317	2	1	-0.3056	0.4875	93126	208	0.9992	0.1723	0	nan	83	9.6796	180140	125.7470	0.9992
4999	1249	191408	1421	406	-7.3939	99.5020	316	5	1	2.7166	0.4940	92918	203	0.9992	0.1514	0	nan	83	9.6482	179531	118.5204	0.9992
4999	1259	191002	1416	411	-1.0485	107.5814	315	1	0	-1.2653	-0.5004	92715	208	0.9992	0.6272	0	nan	87	9.5629	178954	126.7204	0.9992
4999	1277	190591	1397	400	-0.0744	101.5020	315	0	0	-2.2334	-0.4933	92507	189	0.9992	0.2955	0	nan	107	9.6387	178236	120.8520	0.9992
4999	1279	190191	1390	392	-4.8898	94.5942	315	3	0	0.7701	-0.4926	92318	187	0.9992	0.2926	0	nan	75	9.4367	177798	113.9734	0.9992
4999	1283	189799	1395	402	4.4591	106.1325	315	2	0	-0.2229	-0.4910	92131	194	0.9992	0.2956	0	nan	83	9.6837	177347	125.5433	0.9992
4999	1289	189397	1378	385	-6.0683	91.1334	315	0	0	-2.2126	-0.4888	91937	183	0.9992	0.3043	0	nan	84	9.4262	176850	110.6012	0.9992
4999	1291	189012	1387	398	5.0759	105.1851	315	3	1	0.7909	0.5120	91754	201	0.9992	0.7605	0	nan	81	9.5335	176435	124.6692	0.9992
4999	1297	188614	1378	386	2.4688	95.1534	314	1	0	-1.1989	-0.4842	91553	187	0.9992	0.2948	0	nan	96	9.6565	175925	114.7201	0.9992
4999	1301	188228	1369	392	-2.3021	102.6410	314	3	2	0.8078	1.5173	91366	186	0.9992	0.9485	0	nan	86	9.4285	175479	122.2398	0.9992
4999	1303	187836	1364	391	-5.1972	102.6869	312	2	1	-0.1888	0.5211	91180	186	0.9992	0.7650	0	nan	77	9.0244	175055	122.3047	0.9992
4999	1307	187445	1378	415	12.9931	128.1676	311	1	0	-1.1821	-0.4759	90994	202	0.9992	0.2994	0	nan	95	9.2513	174582	147.8508	0.9992
4999	1319	187030	1364	374	11.4117	90.4064	311	4	2	1.8378	1.5284	90792	173	0.9992	0.9598	0	nan	77	9.1259	173957	110.2290	0.9992
4999	1321	186656	1354	366	3.4595	83.4020	309	2	0	-0.1590	-0.4678	90619	177	0.9992	0.3068	0	nan	78	9.2503	173553	103.2400	0.9992
4999	1327	186290	1340	369	-4.4341	88.2313	309	1	0	-1.1492	-0.4657	90442	172	0.9992	0.3077	0	nan	76	9.4515	173085	108.1334	0.9992
4999	1361	185921	1307	357	-3.8479	83.7877	309	1	0	-1.0955	-0.4541	90270	160	0.9993	0.3110	0	nan	72	9.1452	172114	104.0771	0.9993
4999	1367	185564	1309	359	3.9056	87.5091	309	2	0	-0.0863	-0.4521	90110	166	0.9993	0.3097	0	nan	91	8.8928	171646	107.8720	0.9993
4999	1373	185205	1303	379	3.6089	109.2185	309	2	1	-0.0772	0.5499	89944	161	0.9993	0.7777	0	nan	91	9.2290	171181	129.6468	0.9993
4999	1381	184826	1292	362	0.1361	94.3302	308	1	0	-1.0652	-0.4461	89783	183	0.9993	0.3145	0	nan	80	8.8967	170675	114.8240	0.9993
4999	1399	184464	1285	359	9.7577	95.2916	308	0	0	-2.0386	-0.4403	89600	169	0.9993	0.3140	0	nan	78	9.0096	169989	115.9850	0.9993
4999	1409	184105	1274	347	7.8084	85.6728	308	1	1	-1.0241	0.5628	89431	166	0.9993	0.7862	0	nan	79	8.8364	169456	106.4663	0.9993
4999	1423	183758	1268	373	14.2656	114.7316	307	3	0	0.9958	-0.4315	89265	182	0.9993	0.3207	0	nan	95	9.1164	168844	135.6929	0.9993
4999	1427	183385	1252	345	1.7800	87.9783	307	2	0	0.0014	-0.4303	89083	162	0.9993	0.3177	0	nan	86	8.8659	168394	108.9888	0.9993
4999	1429	183040	1251	355	2.5297	98.8209	307	2	2	0.0042	1.5703	88921	174	0.9993	0.9720	0	nan	80	8.8951	168016	119.8481	0.9993
4999	1433	182685	1245	355	0.0147	100.0314	305	3	1	1.0098	0.5743	88747	167	0.9993	0.7877	0	nan	85	8.9871	167590	121.0991	0.9993
4999	1439	182330	1236	323	-3.7943	69.5879	304	3	1	1.0181	0.5775	88580	148	0.9993	0.7900	0	nan	66	8.6426	167120	90.7276	0.9993
4999	1447	182007	1245	344	12.0601	92.4354	303	2	0	0.0290	-0.4188	88432	162	0.9993	0.3216	0	nan	73	8.5624	166650	113.6614	0.9993
4999	1451	181663	1223	327	-6.5410	76.6030	303	2	1	0.0345	0.5824	88270	156	0.9993	0.7917	0	nan	71	8.9050	166250	97.8477	0.9993
4999	1453	181336	1227	325	-0.8486	75.3978	302	2	0	0.0372	-0.4157	88114	160	0.9993	0.3264	0	nan	72	8.9649	165887	96.6628	0.9993
4999	1459	181011	1222	318	-0.7992	69.8698	302	3	1	1.0452	0.5860	87954	152	0.9993	0.7970	0	nan	63	8.7288	165459	91.1885	0.9993
4999	1471	180693	1224	349	11.1761	103.3263	301	4	1	2.0612	0.5908	87802	176	0.9993	0.7986	0	nan	79	8.8202	164912	124.7825	0.9993
4999	1481	180344	1196	328	-8.6347	84.4564	300	2	1	0.0743	0.5949	87626	158	0.9993	0.8014	0	nan	70	8.7074	164389	106.0027	0.9993
4999	1483	180016	1205	335	1.9899	92.2272	299	1	0	-0.9231	-0.4032	87468	155	0.9993	0.3266	0	nan	79	8.8695	164028	113.7889	0.9993
4999	1487	179681	1203	333	3.2260	91.3309	299	2	1	0.0820	0.5978	87313	165	0.9993	0.8028	0	nan	74	8.7971	163623	112.9287	0.9993
4999	1489	179348	1192	335	-6.1625	94.1028	298	3	0	1.0846	-0.4003	87148	145	0.9993	0.3320	0	nan	74	8.8651	163260	115.7119	0.9993
4999	1493	179013	1196	359	1.0476	119.1969	298	3	1	1.0898	0.6008	87003	169	0.9993	0.8029	0	nan	92	8.9622	162844	140.8567	0.9993
4999	1499	178654	1191	330	0.8306	91.6358	297	1	0	-0.9026	-0.3963	86834	171	0.9993	0.3271	0	nan	82	9.0101	162359	113.3769	0.9993
4999	1511	178324	1184	337	3.2826	100.9656	297	2	1	0.1125	0.6069	86663	152	0.9993	0.8033	0	nan	87	8.5194	161805	122.8306	0.9993
4999	1523	177987	1165	329	-6.4143	95.2679	296	1	1	-0.8726	0.6113	86511	146	0.9993	0.8081	0	nan	73	8.6983	161251	117.2456	0.9993
4999	1531	177658	1169	322	3.7067	89.9190	295	1	0	-0.8628	-0.3854	86365	155	0.9993	0.3320	0	nan	72	8.4208	160769	111.9817	0.9993
4999	1543	177336	1152	308	-4.2307	78.1413	295	2	0	0.1517	-0.3824	86210	139	0.9994	0.3307	0	nan	67	8.5425	160216	100.3318	0.9994
4999	1549	177028	1154	314	2.2479	85.4293	295	3	0	1.1588	-0.3809	86071	159	0.9994	0.3391	0	nan	75	8.5827	159799	107.6746	0.9994
4999	1553	176714	1145	297	-3.7856	69.4224	295	2	0	0.1636	-0.3799	85912	139	0.9994	0.3305	0	nan	70	8.4541	159412	91.7044	0.9994
4999	1559	176417	1146	309	1.6357	82.6793	295	2	0	0.1706	-0.3784	85773	142	0.9994	0.3383	0	nan	72	8.5123	159004	105.0180	0.9994
4999	1567	176108	1139	342	0.4780	117.2291	295	3	1	1.1800	0.6235	85631	156	0.9994	0.8142	0	nan	97	8.8716	158556	139.6311	0.9994
4999	1571	175766	1136	308	0.3768	84.2368	294	2	0	0.1846	-0.3743	85475	138	0.9994	0.3344	0	nan	78	8.5419	158138	106.6785	0.9994
4999	1579	175458	1125	297	-4.8695	74.7606	294	2	0	0.1938	-0.3724	85337	137	0.9994	0.3378	0	nan	73	8.7415	157684	97.2736	0.9994
4999	1583	175161	1128	300	0.9855	78.6974	294	2	1	0.1984	0.6286	85200	145	0.9994	0.8161	0	nan	77	8.1518	157315	101.2445	0.9994
4999	1597	174861	1124	300	6.8654	81.0131	293	2	0	0.2142	-0.3669	85055	142	0.9994	0.3371	0	nan	66	8.1029	156755	103.6882	0.9994
4999	1601	174561	1112	308	-2.3435	89.9350	293	3	0	1.2186	-0.3660	84913	147	0.9994	0.3394	0	nan	74	8.4613	156375	112.6533	0.9994
4999	1607	174253	1108	310	-2.1829	93.1325	293	4	0	2.2253	-0.3647	84766	146	0.9994	0.3394	0	nan	81	8.5532	155945	115.9179	0.9994
4999	1609	173943	1103	272	-5.8030	55.7874	293	3	1	1.2275	0.6358	84620	123	0.9994	0.8178	0	nan	55	8.1269	155592	78.5979	0.9994
4999	1613	173671	1109	300	2.9467	84.6609	292	3	2	1.2319	1.6379	84497	145	0.9994	0.9733	0	nan	69	8.4068	155245	107.5077	0.9994
4999	1619	173371	1109	296	7.0457	81.8295	290	3	1	1.2384	0.6418	84352	155	0.9994	0.8226	0	nan	69	8.2264	154821	104.7449	0.9994
4999	1621	173075	1090	284	-10.5947	70.4590	289	0	0	-1.7594	-0.3566	84197	130	0.9994	0.3457	0	nan	72	8.1172	154492	93.3868	0.9994
4999	1627	172791	1095	286	-1.5360	73.5956	289	2	1	0.2471	0.6447	84067	124	0.9994	0.8223	0	nan	67	8.3557	154086	96.5888	0.9994
4999	1637	172505	1096	290	6.1625	79.2425	288	3	2	1.2578	1.6481	83943	130	0.9994	0.9829	0	nan	73	8.2950	153595	102.3458	0.9994
4999	1657	172215	1081	288	4.3168	80.1364	286	1	0	-0.7212	-0.3452	83813	119	0.9994	0.3466	0	nan	83	8.3245	152908	103.4400	0.9994
4999	1663	171927	1077	288	4.2014	81.2327	286	1	1	-0.7150	0.6560	83694	137	0.9994	0.8303	0	nan	80	8.1613	152500	104.5965	0.9994
4999	1667	171639	1072	305	1.7756	99.0744	285	2	0	0.2891	-0.3419	83557	137	0.9994	0.3493	0	nan	77	8.1292	152132	122.4781	0.9994
4999	1669	171334	1072	280	3.0581	74.6866	285	1	0	-0.7088	-0.3415	83420	127	0.9994	0.3453	0	nan	70	8.0760	151792	98.1043	0.9994
4999	1693	171054	1055	296	1.2115	93.9279	285	1	0	-0.6846	-0.3367	83293	125	0.9994	0.3487	0	nan	74	8.2560	151028	117.5854	0.9994
4999	1697	170758	1054	266	2.6953	64.7531	285	2	2	0.3194	1.6641	83168	120	0.9994	0.9823	0	nan	61	8.1594	150663	88.4361	0.9994
4999	1699	170492	1051	260	0.9329	59.3031	283	2	1	0.3214	0.6669	83048	110	0.9994	0.8351	0	nan	61	7.9749	150362	82.9994	0.9994
4999	1709	170232	1045	281	1.0772	81.7817	282	1	1	-0.6688	0.6700	82938	132	0.9994	0.8361	0	nan	73	8.2704	149916	105.5571	0.9994
4999	1721	169951	1040	286	3.3562	88.4974	281	1	0	-0.6572	-0.3266	82806	121	0.9994	0.3547	0	nan	78	7.8765	149396	112.3847	0.9994
4999	1723	169665	1039	263	3.5595	66.0586	281	2	0	0.3447	-0.3262	82685	113	0.9994	0.3606	0	nan	69	8.0756	149063	89.9727	0.9994
4999	1733	169402	1022	274	-7.4657	78.4986	281	1	0	-0.6457	-0.3243	82572	117	0.9994	0.3562	0	nan	65	8.1340	148580	102.5286	0.9994
4999	1741	169128	1025	277	0.2648	82.7117	281	1	0	-0.6381	-0.3228	82455	122	0.9994	0.3603	0	nan	66	7.8810	148146	106.8150	0.9994
4999	1747	168851	1019	261	-2.2158	67.6961	281	4	2	2.3675	1.6783	82333	100	0.9994	0.9794	0	nan	64	7.9569	147754	91.8483	0.9994
4999	1753	168590	1014	259	-3.7205	66.6554	279	1	0	-0.6269	-0.3183	82233	130	0.9994	0.3596	0	nan	63	8.0905	147357	90.8802	0.9994
4999	1759	168331	1011	265	-3.2490	73.6060	279	3	0	1.3786	-0.3172	82103	108	0.9994	0.3641	0	nan	75	7.6550	146944	97.9233	0.9994
4999	1777	168066	994	271	-9.9752	81.8430	279	1	0	-0.6050	-0.3140	81995	117	0.9994	0.3615	0	nan	67	7.7963	146311	106.3281	0.9994
4999	1783	167795	997	257	-3.5967	68.7835	279	3	0	1.4004	-0.3130	81878	120	0.9994	0.3636	0	nan	64	7.6653	145922	93.3186	0.9994
4999	1787	167538	1004	248	5.6430	60.4924	279	1	0	-0.5960	-0.3123	81758	109	0.9994	0.3583	0	nan	59	8.0559	145572	85.0767	0.9994
4999	1789	167290	1002	243	4.7591	55.9793	279	2	0	0.4058	-0.3119	81649	107	0.9994	0.3607	0	nan	69	7.8482	145276	80.5897	0.9994
4999	1801	167047	996	249	5.4037	63.4953	279	2	0	0.4164	-0.3098	81542	114	0.9994	0.3583	0	nan	59	7.8289	144757	88.2482	0.9994
4999	1811	166798	977	264	-8.1264	79.7946	279	2	0	0.4252	-0.3081	81428	114	0.9994	0.3580	0	nan	85	7.7817	144304	104.6361	0.9994
4999	1823	166534	972	244	-6.6418	61.2968	279	2	1	0.4355	0.6939	81314	104	0.9995	0.8474	0	nan	65	7.3930	143781	86.2589	0.9995
4999	1831	166290	970	253	-4.3659	71.3616	278	1	1	-0.5576	0.6963	81210	104	0.9995	0.8486	0	nan	70	7.9987	143371	96.3960	0.9995
4999	1847	166037	966	259	0.0747	79.2090	277	0	0	-1.5441	-0.2999	81106	110	0.9995	0.3640	0	nan	72	7.8639	142758	104.4164	0.9995
4999	1861	165778	956	237	-2.6588	58.8399	277	2	0	0.4675	-0.2977	80996	97	0.9995	0.3683	0	nan	76	7.7091	142197	84.1822	0.9995
4999	1867	165541	959	248	3.4221	70.6663	277	2	0	0.4724	-0.2967	80899	105	0.9995	0.3671	0	nan	59	7.5741	141841	96.0546	0.9995
4999	1871	165293	951	235	-2.5350	58.3105	277	2	0	0.4757	-0.2961	80794	97	0.9995	0.3668	0	nan	56	7.7484	141507	83.7365	0.9995
4999	1873	165058	957	241	4.4832	64.7501	277	0	0	-1.5227	-0.2958	80697	110	0.9995	0.3665	0	nan	64	7.6660	141230	90.1938	0.9995
4999	1877	164817	953	242	2.5131	66.3825	277	0	0	-1.5194	-0.2952	80587	100	0.9995	0.3667	0	nan	69	7.5682	140901	91.8657	0.9995
4999	1879	164575	947	242	-2.4753	66.8270	277	1	0	-0.5178	-0.2948	80487	113	0.9995	0.3637	0	nan	67	7.6192	140613	92.3321	0.9995
4999	1889	164333	948	225	3.5511	51.0106	277	2	0	0.4902	-0.2933	80374	95	0.9995	0.3686	0	nan	62	7.6803	140144	76.6210	0.9995
4999	1901	164108	939	226	0.5129	53.3456	277	3	2	1.4997	1.7086	80279	90	0.9995	0.9884	0	nan	54	7.6665	139647	79.0805	0.9995
4999	1907	163882	938	256	2.4657	84.1259	275	0	0	-1.4955	-0.2884	80189	118	0.9995	0.3720	0	nan	73	7.6736	139270	109.9381	0.9995
4999	1913	163626	928	245	-4.6001	73.9326	275	1	0	-0.4909	-0.2875	80071	104	0.9995	0.3740	0	nan	72	7.6093	138879	99.8050	0.9995
4999	1931	163381	929	235	5.0932	65.7809	275	2	1	0.5230	0.7152	79967	98	0.9995	0.8585	0	nan	64	7.5363	138212	91.8493	0.9995
4999	1933	163146	924	206	1.0491	37.1992	274	0	0	-1.4754	-0.2835	79869	98	0.9984	0.3737	0	nan	52	7.6257	137934	63.2850	0.9995
4999	1949	162940	911	216	-4.3740	48.7963	274	2	0	0.5367	-0.2812	79771	100	0.9995	0.3732	0	nan	58	7.3242	137377	75.0282	0.9995
4999	1951	162724	903	239	-11.4357	72.1891	274	2	2	0.5382	1.7191	79671	97	0.9995	0.9887	0	nan	64	7.4872	137118	98.4382	0.9995
4999	1973	162485	904	216	-0.2392	51.2914	272	1	0	-0.4455	-0.2757	79574	93	0.9995	0.3732	0	nan	49	7.2748	136359	77.7750	0.9995
4999	1979	162269	890	230	-11.4977	66.0091	272	1	1	-0.4411	0.7251	79481	99	0.9995	0.8625	0	nan	60	7.4544	136011	92.5457	0.9995
4999	1987	162039	904	224	6.1319	60.9009	271	1	0	-0.4353	-0.2728	79382	93	0.9995	0.3766	0	nan	59	7.4973	135573	87.5400	0.9995
4999	1993	161815	896	227	0.8349	64.6167	271	3	2	1.5690	1.7280	79289	84	0.9995	0.9890	0	nan	56	7.4664	135231	91.2940	0.9995
4999	1997	161588	898	223	4.6279	61.1693	269	2	0	0.5719	-0.2694	79205	90	0.9995	0.3763	0	nan	59	7.5429	134918	87.8793	0.9995
4999	1999	161365	887	226	-5.4782	64.5543	269	2	1	0.5733	0.7309	79115	100	0.9995	0.8654	0	nan	62	7.4859	134653	91.2796	0.9995
4999	2003	161139	888	206	-2.6960	45.1023	268	2	1	0.5761	0.7324	79015	83	0.9995	0.8671	0	nan	55	7.2231	134334	71.8672	0.9995
4999	2011	160933	886	224	-1.1527	63.9473	267	1	1	-0.4182	0.7345	78932	94	0.9995	0.8672	0	nan	63	7.2442	133923	90.8095	0.9995
4999	2017	160709	879	195	-5.5136	35.6455	266	1	0	-0.4140	-0.2638	78838	87	0.9985	0.3810	0	nan	53	7.3494	133559	62.5667	0.9995
4999	2027	160514	875	210	-5.1500	51.6241	266	3	0	1.5930	-0.2625	78751	92	0.9995	0.3786	0	nan	57	7.1318	133127	78.6463	0.9995
4999	2029	160304	885	217	5.7176	58.9872	266	1	0	-0.4056	-0.2622	78659	97	0.9995	0.3826	0	nan	59	7.2863	132875	86.0241	0.9995
4999	2039	160087	869	210	-5.9701	52.9750	266	1	0	-0.3987	-0.2609	78562	96	0.9995	0.3827	0	nan	58	7.1368	132429	80.1040	0.9995
4999	2053	159877	868	216	-1.0034	60.2504	266	0	0	-1.3892	-0.2591	78466	88	0.9995	0.3889	0	nan	53	7.2626	131889	87.5158	0.9995
4999	2063	159661	858	196	-6.7911	41.2147	266	0	0	-1.3825	-0.2579	78378	88	0.9995	0.3875	0	nan	54	7.2539	131438	68.5759	0.9995
4999	2069	159465	861	197	-1.2832	42.8531	266	2	0	0.6216	-0.2571	78290	78	0.9995	0.3839	0	nan	45	7.2448	131108	70.2644	0.9995
4999	2081	159268	853	199	-4.3109	45.9313	266	1	0	-0.3705	-0.2556	78212	84	0.9995	0.3817	0	nan	54	7.1251	130642	73.4431	0.9995
4999	2083	159069	856	222	-0.4878	69.2693	266	1	0	-0.3692	-0.2554	78128	84	0.9995	0.3857	0	nan	66	7.3520	130394	96.8017	0.9995
4999	2087	158847	850	209	-4.8462	56.7748	266	1	0	-0.3666	-0.2549	78044	84	0.9995	0.3845	0	nan	56	7.0424	130090	84.3330	0.9995
4999	2089	158638	848	207	-6.0278	55.1206	266	0	0	-1.3652	-0.2547	77960	76	0.9995	0.3855	0	nan	51	7.0937	129833	82.6984	0.9995
4999	2099	158431	850	185	0.0410	34.0414	266	1	0	-0.3587	-0.2535	77884	79	0.9990	0.3808	0	nan	52	7.0187	129387	61.7156	0.9995
4999	2111	158246	845	195	-0.1274	45.0748	266	1	0	-0.3510	-0.2520	77805	85	0.9995	0.3853	0	nan	52	7.0989	128914	72.8645	0.9995
4999	2113	158051	846	219	1.6725	69.4013	266	1	0	-0.3497	-0.2518	77720	92	0.9995	0.3840	0	nan	64	7.3094	128666	97.2149	0.9995
4999	2129	157832	841	187	3.0178	38.7313	266	2	0	0.6604	-0.2499	77628	81	0.9995	0.3825	0	nan	48	7.1750	128070	66.6900	0.9995
4999	2131	157645	833	191	-4.1957	43.0460	266	2	1	0.6617	0.7504	77547	82	0.9995	0.8756	0	nan	50	7.0595	127838	71.0206	0.9995
4999	2137	157454	834	205	-0.8451	57.6401	265	0	0	-1.3346	-0.2480	77465	83	0.9995	0.3876	0	nan	54	6.9987	127514	85.6607	0.9995
4999	2141	157249	837	225	3.7146	78.1070	265	1	0	-0.3321	-0.2475	77382	89	0.9995	0.3883	0	nan	64	6.9544	127207	106.1705	0.9995
4999	2143	157024	836	202	3.4923	55.4540	265	2	0	0.6692	-0.2473	77293	73	0.9995	0.3884	0	nan	56	7.2448	126936	83.5343	0.9995
4999	2153	156822	816	187	-12.6410	41.3223	265	1	0	-0.3247	-0.2462	77220	78	0.9995	0.3866	0	nan	50	7.1293	126500	69.4895	0.9995
4999	2161	156635	827	194	1.4267	49.0347	265	2	0	0.6802	-0.2453	77142	69	0.9995	0.3889	0	nan	55	7.0736	126123	77.2735	0.9995
4999	2179	156441	825	198	6.2464	54.4103	265	1	0	-0.3089	-0.2432	77073	70	0.9995	0.3871	0	nan	51	6.8821	125491	82.8178	0.9995
4999	2203	156243	810	198	0.1661	56.1543	265	1	0	-0.2946	-0.2406	77003	80	0.9995	0.3901	0	nan	54	6.9734	124722	84.7708	0.9995
4999	2207	156045	807	185	-1.3661	43.5908	265	0	0	-1.2923	-0.2401	76923	64	0.9995	0.3894	0	nan	49	7.0662	124423	72.2469	0.9995
4999	2213	155860	809	177	2.8256	36.1414	265	2	0	0.7113	-0.2395	76859	67	0.9995	0.3888	0	nan	46	6.9453	124101	64.8437	0.9995
4999	2221	155683	799	199	-4.2706	58.8082	265	1	0	-0.2841	-0.2386	76792	78	0.9995	0.3892	0	nan	52	6.9409	123710	87.5997	0.9995
4999	2237	155484	797	181	-0.5253	41.9888	265	3	1	1.7251	0.7631	76714	72	0.9996	0.8819	0	nan	46	6.8143	123124	70.9204	0.9996
4999	2239	155303	799	178	2.1871	39.2747	264	1	0	-0.2738	-0.2358	76642	71	0.9996	0.3919	0	nan	43	6.8123	122895	68.2233	0.9996
4999	2243	155125	792	192	-3.3919	53.6808	264	1	0	-0.2715	-0.2354	76571	81	0.9996	0.3925	0	nan	49	7.0771	122627	82.6580	0.9996
4999	2251	154933	802	166	9.4349	28.3430	264	3	1	1.7330	0.7654	76490	65	0.9942	0.8827	0	nan	46	7.0158	122257	57.3754	0.9996
4999	2267	154767	784	171	-2.9713	34.4610	263	0	0	-1.2581	-0.2320	76425	63	0.9996	0.3928	0	nan	47	6.6644	121705	63.6290	0.9996
4999	2269	154596	790	185	3.7223	48.7320	263	1	0	-0.2569	-0.2318	76362	74	0.9996	0.3933	0	nan	46	6.8809	121487	77.9158	0.9996
4999	2273	154411	785	175	0.1060	39.1346	263	0	0	-1.2547	-0.2314	76288	67	0.9991	0.3926	0	nan	44	6.7962	121193	68.3630	0.9996
4999	2281	154236	782	178	-0.1412	42.7646	263	0	0	-1.2503	-0.2306	76221	67	0.9996	0.3912	0	nan	46	6.7645	120816	72.0675	0.9996
4999	2287	154058	786	172	5.9108	37.2750	263	2	1	0.7530	0.7700	76154	56	0.9996	0.8854	0	nan	48	6.7890	120500	66.6218	0.9996
4999	2293	153886	781	173	2.9520	38.7776	262	0	0	-1.2438	-0.2285	76098	71	0.9996	0.3944	0	nan	46	6.9413	120168	68.1871	0.9996
4999	2297	153713	776	184	-0.6931	50.1620	262	1	1	-0.2416	0.7719	76027	68	0.9996	0.8859	0	nan	50	6.9192	119900	79.6030	0.9996
4999	2309	153529	767	177	-5.6566	44.0169	261	0	0	-1.2352	-0.2261	75959	67	0.9996	0.3964	0	nan	53	6.8013	119414	73.5665	0.9996
4999	2311	153352	776	172	4.0121	39.2852	261	2	0	0.7659	-0.2259	75892	63	0.9996	0.3918	0	nan	45	6.8433	119186	68.8533	0.9996
4999	2333	153180	766	174	1.2919	42.6841	261	0	0	-1.2225	-0.2237	75829	71	0.9996	0.3945	0	nan	49	6.6529	118459	72.4492	0.9996
4999	2339	153006	759	172	-3.7465	41.1697	261	0	0	-1.2193	-0.2232	75758	63	0.9996	0.3982	0	nan	52	6.6361	118106	71.0115	0.9996
4999	2341	152834	755	162	-7.0948	31.4284	261	1	0	-0.2183	-0.2230	75695	54	0.9987	0.3944	0	nan	46	6.8504	117891	61.2815	0.9996
4999	2347	152672	758	165	-2.1466	34.9003	261	1	1	-0.2152	0.7776	75641	54	0.9996	0.8892	0	nan	49	6.7134	117571	64.8117	0.9996
4999	2351	152507	759	178	0.1467	48.2620	260	2	1	0.7869	0.7788	75587	63	0.9996	0.8894	0	nan	51	6.5216	117293	78.2186	0.9996
4999	2357	152329	762	160	5.0785	30.7433	259	2	0	0.7900	-0.2198	75524	65	0.9996	0.3990	0	nan	45	6.6098	116966	60.7501	0.9996
4999	2371	152169	745	176	-7.4521	47.6415	259	2	0	0.7971	-0.2185	75459	68	0.9996	0.3987	0	nan	50	6.7642	116431	77.7874	0.9996
4999	2377	151993	759	173	8.4472	45.1136	259	1	0	-0.1998	-0.2179	75391	61	0.9996	0.3986	0	nan	51	6.6955	116103	75.3113	0.9996
4999	2381	151820	744	167	-5.2919	39.4738	259	2	1	0.8022	0.7824	75330	57	0.9992	0.8912	0	nan	47	6.5622	115837	69.6989	0.9996
4999	2383	151653	754	167	5.3370	39.7209	258	2	0	0.8032	-0.2165	75273	59	0.9996	0.4018	0	nan	46	6.6328	115622	69.9610	0.9996
4999	2389	151486	758	164	11.2172	37.1804	258	3	2	1.8062	1.7840	75214	54	0.9996	0.9937	0	nan	54	6.8124	115310	67.4659	0.9996
4999	2393	151322	738	158	-7.5345	31.5295	256	2	0	0.8082	-0.2140	75160	55	0.9983	0.4009	0	nan	44	6.5923	115033	61.8588	0.9996
4999	2399	151164	739	163	-4.6699	36.9775	256	2	0	0.8112	-0.2134	75105	52	0.9996	0.4008	0	nan	47	6.6135	114724	67.3568	0.9996
4999	2411	151001	748	170	8.0315	44.7399	256	2	1	0.8171	0.7876	75053	66	0.9996	0.8942	0	nan	48	6.6442	114241	75.2335	0.9996
4999	2417	150831	736	166	-2.1316	41.1916	255	1	0	-0.1800	-0.2110	74987	54	0.9996	0.4036	0	nan	49	6.5826	113915	71.7385	0.9996
4999	2423	150665	741	165	4.6962	40.6376	255	0	0	-1.1771	-0.2105	74933	53	0.9996	0.4038	0	nan	45	6.6818	113589	71.2410	0.9996
4999	2437	150500	736	162	3.9261	38.4875	255	0	0	-1.1703	-0.2093	74880	58	0.9996	0.4052	0	nan	46	6.6683	113035	69.2343	0.9996
4999	2441	150338	742	158	11.1258	34.8226	255	1	0	-0.1684	-0.2089	74822	61	0.9996	0.4049	0	nan	45	6.5756	112769	65.6043	0.9996
4999	2447	150180	730	166	0.9179	43.2538	255	0	0	-1.1655	-0.2084	74761	54	0.9996	0.4015	0	nan	47	6.7015	112460	74.0834	0.9996
4999	2459	150014	718	169	-7.5242	46.9878	255	1	0	-0.1598	-0.2074	74707	51	0.9996	0.4044	0	nan	46	6.4533	111959	77.9394	0.9996
4999	2467	149845	717	147	-6.1715	25.5205	255	0	0	-1.1561	-0.2067	74656	49	0.9976	0.4035	0	nan	44	6.6619	111581	56.5411	0.9996
4999	2473	149698	716	142	-5.4169	20.9341	255	1	0	-0.1533	-0.2062	74607	60	0.9761	0.4053	0	nan	42	6.4972	111258	52.0218	0.9996
4999	2477	149556	722	165	1.7481	44.2442	255	2	1	0.8486	0.7941	74547	51	0.9996	0.8970	0	nan	46	6.7390	110995	75.3795	0.9996
4999	2503	149391	712	144	-0.7703	24.6304	254	1	0	-0.1394	-0.2030	74496	42	0.9952	0.4057	0	nan	43	6.5224	110119	56.0104	0.9996
4999	2521	149247	705	149	-2.6811	30.5970	254	0	0	-1.1313	-0.2015	74454	53	0.9984	0.4060	0	nan	43	6.4934	109510	62.1218	0.9996
4999	2531	149098	699	146	-5.8850	28.1825	254	0	0	-1.1268	-0.2007	74401	43	0.9976	0.4071	0	nan	48	6.4514	109098	59.7906	0.9996
4999	2539	148952	696	167	-6.6640	49.6688	254	2	1	0.8767	0.7999	74358	57	0.9996	0.9003	0	nan	56	6.6530	108754	81.3332	0.9996
4999	2543	148785	704	148	2.4412	30.9847	253	2	1	0.8785	0.8010	74301	47	0.9988	0.9005	0	nan	46	6.4071	108477	62.6858	0.9996
4999	2549	148637	699	146	-0.9074	29.3762	252	0	0	-1.1189	-0.1977	74254	41	0.9996	0.4054	0	nan	44	6.3464	108161	61.1346	0.9996
4999	2551	148491	700	134	0.6413	17.5821	252	0	0	-1.1180	-0.1976	74213	48	0.9486	0.4075	0	nan	44	6.3753	107954	49.3634	0.9996
4999	2557	148357	693	126	-4.7176	9.9601	252	0	0	-1.1154	-0.1971	74165	42	0.7273	0.4100	0	nan	45	6.4804	107647	41.8021	0.9996
4999	2579	148231	697	144	5.2342	29.0477	252	1	0	-0.1059	-0.1954	74123	46	0.9996	0.4077	0	nan	54	6.3518	106944	61.0655	0.9996
4999	2591	148087	680	129	-8.5619	14.6912	252	0	0	-1.1007	-0.1945	74077	43	0.9151	0.4069	0	nan	43	6.2788	106479	46.8086	0.9996
4999	2593	147958	692	148	3.9691	33.8789	252	0	0	-1.0999	-0.1944	74034	50	0.9996	0.4113	0	nan	48	6.4196	106296	66.0131	0.9996
4999	2609	147810	687	137	3.1886	23.6922	252	1	0	-0.0931	-0.1932	73984	48	0.9912	0.4122	0	nan	43	6.2353	105717	55.9598	0.9996
4999	2617	147673	676	135	-5.7211	22.1433	252	2	1	0.9102	0.8074	73936	37	0.9901	0.9037	0	nan	45	6.2755	105368	54.4742	0.9996
4999	2621	147538	677	136	-3.6807	23.4185	251	0	0	-1.0881	-0.1915	73899	48	0.9889	0.4103	0	nan	44	6.3179	105117	55.7886	0.9996
4999	2633	147402	676	150	-1.5784	38.0349	251	1	0	-0.0832	-0.1907	73851	49	0.9996	0.4100	0	nan	41	6.2041	104639	70.5173	0.9996
4999	2647	147252	677	122	3.0053	10.7405	251	0	0	-1.0774	-0.1896	73802	38	0.7782	0.4119	0	nan	46	6.3014	104087	43.3547	0.9996
4999	2657	147130	670	136	-1.4580	25.2510	251	1	1	-0.0734	0.8111	73764	48	0.9981	0.9055	0	nan	43	6.3534	103677	57.9594	0.9996
4999	2659	146994	669	124	-1.9530	13.4366	250	1	0	-0.0726	-0.1880	73716	37	0.8695	0.4097	0	nan	41	6.3225	103497	46.1534	0.9996
4999	2663	146870	670	136	0.0548	25.6958	250	1	0	-0.0710	-0.1878	73679	44	0.9970	0.4125	0	nan	43	6.2256	103261	58.4476	0.9996
4999	2671	146734	668	146	0.0614	36.1280	250	1	0	-0.0678	-0.1872	73635	38	0.9996	0.4169	0	nan	42	6.1479	102900	68.9502	0.9996
4999	2677	146588	671	120	4.5585	10.4834	250	4	0	2.9346	-0.1868	73597	34	0.7754	0.4163	0	nan	43	6.2837	102577	43.3642	0.9996
4999	2683	146468	666	142	1.0488	32.8177	250	0	0	-1.0630	-0.1864	73563	46	0.9996	0.4116	0	nan	44	6.3279	102294	65.7466	0.9996
4999	2687	146326	669	137	5.0387	28.0860	250	3	0	1.9386	-0.1861	73517	52	0.9996	0.4133	0	nan	49	6.1146	102033	61.0543	0.9996
4999	2689	146189	660	131	-3.4675	22.2689	250	1	0	-0.0606	-0.1859	73465	30	0.9922	0.4133	0	nan	49	6.1430	101840	55.2544	0.9996
4999	2693	146058	670	132	7.5180	23.5277	250	1	0	-0.0590	-0.1857	73435	44	0.9907	0.4123	0	nan	44	6.2309	101596	56.5481	0.9996
4999	2699	145926	655	140	-6.0093	31.8666	250	0	0	-1.0567	-0.1853	73391	40	0.9996	0.4151	0	nan	42	6.2242	101294	64.9396	0.9996
4999	2707	145786	653	126	-6.0558	18.2896	250	0	0	-1.0536	-0.1847	73351	35	0.9579	0.4191	0	nan	46	6.3293	100922	51.4363	0.9996
4999	2711	145660	653	112	-5.0834	4.5415	250	0	0	-1.0520	-0.1844	73316	38	0.4218	0.4125	0	nan	43	6.1648	100678	37.7263	0.9996
4999	2713	145548	663	128	5.4018	20.7033	250	0	0	-1.0512	-0.1843	73278	44	0.9871	0.4115	0	nan	39	6.0914	100512	53.9034	0.9996
4999	2719	145420	652	125	-4.1471	18.0342	250	1	1	-0.0489	0.8161	73234	31	0.9614	0.9080	0	nan	43	6.2139	100218	51.2832	0.9996
4999	2729	145295	647	110	-6.7428	3.5178	249	1	0	-0.0451	-0.1825	73203	40	0.3570	0.4128	0	nan	41	6.1505	99796	36.8626	0.9996
4999	2731	145185	652	122	-1.2640	15.6763	249	0	0	-1.0443	-0.1824	73163	33	0.9399	0.4139	0	nan	47	6.0771	99624	49.0421	0.9996
4999	2741	145063	641	105	-9.8807	-0.8468	249	0	0	-1.0405	-0.1817	73130	26	0.0799	0.4164	0	nan	43	6.0590	99209	32.6111	0.9996
4999	2749	144958	657	134	8.0135	28.5377	249	1	1	-0.0375	0.8188	73104	32	0.9978	0.9094	0	nan	44	6.2750	98860	62.0757	0.9996
4999	2753	144824	652	122	3.9564	16.7882	248	0	0	-1.0360	-0.1802	73072	38	0.9513	0.4168	0	nan	45	6.1421	98604	50.3661	0.9996
4999	2767	144702	645	126	0.2353	21.4087	248	2	1	0.9693	0.8207	73034	39	0.9892	0.9103	0	nan	41	6.1202	98068	55.1160	0.9996
4999	2777	144576	645	130	2.5571	25.8761	247	1	1	-0.0270	0.8221	72995	46	0.9971	0.9110	0	nan	45	6.0791	97646	59.6752	0.9996
4999	2789	144446	627	117	-12.6787	13.4174	246	0	0	-1.0226	-0.1764	72949	33	0.8924	0.4175	0	nan	44	6.0323	97143	47.3385	0.9996
4999	2791	144329	629	118	-10.2204	14.5754	246	0	0	-1.0219	-0.1763	72916	28	0.9208	0.4161	0	nan	44	6.1624	96964	48.5167	0.9996
4999	2797	144211	639	123	1.1509	19.8817	246	0	0	-1.0197	-0.1759	72888	37	0.9839	0.4170	0	nan	38	6.0827	96651	53.8895	0.9996
4999	2801	144088	630	118	-6.9382	15.1167	246	0	0	-1.0182	-0.1757	72851	33	0.9386	0.4154	0	nan	45	6.0415	96410	49.1603	0.9996
4999	2803	143970	632	118	-4.4838	15.2743	246	3	0	1.9825	-0.1755	72818	32	0.9254	0.4172	0	nan	46	6.0173	96236	49.3336	0.9996
4999	2819	143852	634	135	1.1288	32.9411	246	1	1	-0.0117	0.8255	72786	41	0.9996	0.9127	0	nan	44	6.0220	95649	67.1398	0.9996
4999	2833	143717	633	130	3.2563	28.5408	245	0	0	-1.0067	-0.1730	72745	33	0.9989	0.4170	0	nan	44	5.8656	95090	62.8697	0.9996
4999	2837	143587	633	111	4.1442	9.7755	245	1	1	-0.0053	0.8273	72712	29	0.7715	0.9136	0	nan	42	6.0338	94844	44.1378	0.9996
4999	2843	143476	630	123	2.4713	22.0672	244	1	1	-0.0032	0.8284	72683	33	0.9926	0.9141	0	nan	41	5.9771	94544	56.4900	0.9996
4999	2851	143353	627	109	1.2322	8.4367	243	1	0	-0.0004	-0.1705	72650	29	0.6614	0.4200	0	nan	50	6.0140	94207	42.9130	0.9996
4999	2857	143244	621	109	-3.4536	8.7242	243	1	0	0.0018	-0.1701	72621	32	0.7052	0.4184	0	nan	41	6.0308	93929	43.2464	0.9996
4999	2861	143135	624	115	0.4194	14.9406	243	1	1	0.0031	0.8301	72589	33	0.9241	0.9154	0	nan	40	6.1534	93682	49.5110	0.9997
4999	2879	143020	614	118	-5.6818	18.6461	242	1	1	0.0094	0.8319	72556	31	0.9757	0.9159	0	nan	42	5.9340	93010	53.3873	0.9997
4999	2887	142902	603	117	-14.9647	18.0031	241	0	0	-0.9879	-0.1670	72525	21	0.9730	0.4210	0	nan	45	5.8449	92673	52.7998	0.9997
4999	2897	142785	626	102	10.1685	3.4256	241	3	0	2.0155	-0.1664	72504	27	0.3235	0.4209	0	nan	38	5.8465	92251	38.3127	0.9997
4999	2903	142683	610	122	-4.5587	23.6996	241	1	0	0.0176	-0.1660	72477	29	0.9976	0.4228	0	nan	41	6.0951	91959	58.6455	0.9997
4999	2909	142561	606	116	-7.2912	17.9862	241	1	0	0.0196	-0.1657	72448	31	0.9660	0.4213	0	nan	41	6.0224	91662	52.9804	0.9997
4999	2917	142445	614	111	2.3908	13.3346	241	1	0	0.0223	-0.1652	72417	28	0.8865	0.4222	0	nan	48	5.9283	91292	48.4069	0.9997
4999	2927	142334	605	108	-4.5196	10.7441	241	1	1	0.0256	0.8353	72389	23	0.8031	0.9180	0	nan	46	5.9587	90860	45.9160	0.9997
4999	2939	142226	612	106	4.9690	9.2147	240	2	0	1.0296	-0.1633	72366	28	0.7556	0.4227	0	nan	40	5.8082	90367	44.5049	0.9997
4999	2953	142120	599	117	-5.1531	20.7453	240	2	1	1.0342	0.8375	72338	21	0.9861	0.9190	0	nan	46	6.0109	89826	56.1629	0.9997
4999	2957	142003	611	106	7.6642	9.9547	239	2	1	1.0355	0.8383	72317	21	0.7754	0.9191	0	nan	44	5.9311	89597	45.4001	0.9997
4999	2963	141897	603	101	0.8859	5.2207	238	2	0	1.0375	-0.1606	72296	24	0.4899	0.4240	0	nan	42	5.8263	89309	40.7172	0.9997
4999	2969	141796	596	106	-4.8973	10.4823	238	1	0	0.0394	-0.1603	72272	28	0.8120	0.4232	0	nan	42	5.8173	89024	46.0310	0.9997
4999	2971	141690	591	117	-9.4928	21.6180	238	2	1	1.0401	0.8398	72244	26	0.9936	0.9199	0	nan	40	5.7766	88858	57.1831	0.9997
4999	2999	141573	590	110	-4.8863	15.5865	237	0	0	-0.9510	-0.1581	72218	21	0.9433	0.4236	0	nan	45	5.7969	87867	51.4025	0.9997
4999	3001	141463	598	89	3.5102	-5.2772	237	0	0	-0.9503	-0.1579	72197	18	0.4703	0.4263	0	nan	40	5.8635	87703	30.5508	0.9997
4999	3011	141374	595	107	2.4846	13.0950	237	1	0	0.0528	-0.1574	72179	20	0.9033	0.4256	0	nan	40	5.8867	87316	49.0020	0.9997
4999	3019	141267	593	101	2.0547	7.4147	237	1	0	0.0553	-0.1570	72159	26	0.6243	0.4245	0	nan	41	5.9058	86955	43.3948	0.9997
4999	3023	141166	594	100	3.8366	6.6054	237	1	0	0.0566	-0.1568	72133	27	0.6161	0.4252	0	nan	42	5.8593	86730	42.6199	0.9997
4999	3037	141066	580	115	-7.4429	22.1017	237	2	1	1.0609	0.8439	72106	25	0.9921	0.9219	0	nan	38	5.7719	86201	58.2328	0.9997
4999	3041	140951	577	83	-9.6702	-9.7004	236	1	0	0.0622	-0.1552	72081	17	0.7987	0.4260	0	nan	46	5.7244	85972	26.4581	0.9990
4999	3049	140868	593	84	7.8691	-8.4028	236	2	0	1.0646	-0.1548	72064	21	0.7051	0.4272	0	nan	38	5.8368	85626	27.8334	0.9997
4999	3061	140784	585	83	2.1630	-8.9856	236	1	1	0.0683	0.8458	72043	18	0.7343	0.9232	0	nan	39	5.8132	85148	27.3659	0.9997
4999	3067	140701	583	99	1.3032	7.2485	235	0	0	-0.9299	-0.1532	72025	17	0.6337	0.4263	0	nan	38	5.8082	84876	43.6521	0.9997
4999	3079	140602	577	90	-2.4297	-1.3297	235	1	0	0.0737	-0.1526	72008	18	0.1319	0.4276	0	nan	39	5.7176	84400	35.1770	0.9997
4999	3083	140512	584	113	5.3221	21.8472	235	2	1	1.0749	0.8476	71990	23	0.9945	0.9238	0	nan	42	5.9048	84201	58.3772	0.9997
4999	3089	140399	577	99	-0.5539	8.0974	234	1	1	0.0767	0.8485	71967	25	0.7085	0.9245	0	nan	39	5.6784	83911	44.6711	0.9997
4999	3109	140300	570	97	-3.8385	6.7459	233	1	1	0.0827	0.8501	71942	21	0.5981	0.9250	0	nan	42	5.8313	83146	43.5127	0.9997
4999	3119	140203	557	87	-14.9987	-2.9025	232	0	0	-0.9144	-0.1488	71921	21	0.2646	0.4282	0	nan	39	5.6930	82718	33.9586	0.9997
4999	3121	140116	574	96	2.3678	6.2108	232	1	0	0.0862	-0.1487	71900	24	0.5769	0.4282	0	nan	40	5.5979	82563	43.0920	0.9997
4999	3137	140020	561	85	-7.7166	-4.2700	232	1	0	0.0909	-0.1479	71876	13	0.4024	0.4302	0	nan	40	5.8391	81934	32.7628	0.9997
4999	3163	139935	564	85	-0.0417	-3.4825	232	2	0	1.0983	-0.1467	71863	15	0.3052	0.4311	0	nan	43	5.7259	81056	33.7474	0.9997
4999	3167	139850	563	107	-0.3293	18.6830	232	1	0	0.0995	-0.1465	71848	15	0.9820	0.4308	0	nan	43	5.6650	80836	55.9511	0.9997
4999	3169	139743	563	90	0.0262	1.8062	232	1	0	0.1000	-0.1464	71833	16	0.1859	0.4290	0	nan	41	5.7178	80658	39.0956	0.9997
4999	3181	139653	562	88	1.1500	0.1955	232	0	0	-0.8966	-0.1459	71817	14	0.0267	0.4289	0	nan	39	5.6789	80181	37.5876	0.9997
4999	3187	139565	560	83	0.2058	-4.5839	232	1	0	0.1051	-0.1456	71803	13	0.4448	0.4309	0	nan	41	5.6685	79884	32.8688	0.9997
4999	3191	139482	560	77	0.9076	-10.4221	232	1	0	0.1062	-0.1454	71790	11	0.8091	0.4317	0	nan	37	5.6675	79678	27.0608	0.9997
4999	3203	139405	556	81	-0.9978	-6.0465	232	1	0	0.1096	-0.1449	71779	12	0.5500	0.4307	0	nan	40	5.7487	79204	31.5439	0.9997
4999	3209	139324	562	85	6.0436	-1.8333	232	1	1	0.1112	0.8554	71767	14	0.1727	0.9280	0	nan	42	5.5250	78906	35.8221	0.9997
4999	3217	139239	549	90	-5.5738	3.4355	231	0	0	-0.8865	-0.1436	71753	17	0.3383	0.4319	0	nan	39	5.6355	78582	41.1458	0.9997
4999	3221	139149	551	101	-2.8851	14.5989	231	1	1	0.1146	0.8566	71736	12	0.9432	0.9283	0	nan	35	5.5686	78364	52.3418	0.9997
4999	3229	139048	556	94	3.4871	7.8755	230	1	0	0.1168	-0.1425	71724	9	0.6726	0.4312	0	nan	37	5.5934	78017	45.6773	0.9997
4999	3251	138954	555	95	6.2261	9.5161	230	2	0	1.1227	-0.1415	71715	14	0.8052	0.4338	0	nan	37	5.4860	77204	47.5045	0.9997
4999	3253	138859	542	102	-6.4365	16.6271	230	1	0	0.1233	-0.1414	71701	17	0.9705	0.4342	0	nan	37	5.5667	77047	54.6302	0.9997
4999	3257	138757	552	86	4.2370	0.7946	230	1	0	0.1243	-0.1412	71684	12	0.0719	0.4334	0	nan	39	5.6850	76820	38.8278	0.9997
4999	3259	138671	552	90	4.5732	4.8997	230	1	0	0.1249	-0.1411	71672	13	0.4672	0.4328	0	nan	37	5.4817	76659	42.9555	0.9997
4999	3271	138581	543	86	-2.4185	1.2669	230	1	0	0.1281	-0.1406	71659	13	0.1138	0.4330	0	nan	48	5.5897	76157	39.4350	0.9997
4999	3299	138495	543	80	2.2107	-3.9618	230	0	0	-0.8645	-0.1394	71646	11	0.3720	0.4339	0	nan	46	5.5298	75143	34.4450	0.9997
4999	3301	138415	544	75	3.5383	-8.8625	230	1	0	0.1360	-0.1394	71635	12	0.7397	0.4321	0	nan	39	5.6110	74987	29.5671	0.9997
4999	3307	138340	532	81	-7.4811	-2.6650	230	0	0	-0.8624	-0.1391	71623	8	0.3004	0.4335	0	nan	40	5.5699	74718	35.8122	0.9997
4999	3313	138259	535	76	-3.5041	-7.4645	230	1	0	0.1391	-0.1388	71615	9	0.6259	0.4327	0	nan	39	5.6373	74455	31.0528	0.9997
4999	3319	138183	533	81	-4.5306	-2.2679	230	2	0	1.1407	-0.1386	71606	10	0.2333	0.4325	0	nan	40	5.5247	74198	36.2889	0.9997
4999	3323	138102	539	79	2.1165	-4.1189	230	0	0	-0.8583	-0.1384	71596	11	0.4181	0.4350	0	nan	38	5.4397	74000	34.4619	0.9997
4999	3329	138023	534	77	-1.9159	-5.9216	230	1	0	0.1433	-0.1382	71585	10	0.5261	0.4333	0	nan	42	5.4917	73704	32.7200	0.9997
4999	3331	137946	530	75	-5.5941	-7.8256	230	0	0	-0.8562	-0.1381	71575	10	0.6889	0.4327	0	nan	37	5.5643	73562	30.8319	0.9997
4999	3343	137871	533	80	-0.6716	-2.4834	230	1	0	0.1469	-0.1376	71565	10	0.2301	0.4336	0	nan	39	5.5498	73066	36.2872	0.9997
4999	3347	137791	533	76	-0.0338	-6.3370	230	1	0	0.1479	-0.1374	71555	5	0.5932	0.4354	0	nan	37	5.4624	72853	32.4667	0.9997
4999	3359	137715	530	77	-1.1295	-4.9976	230	1	1	0.1509	0.8631	71550	9	0.4574	0.9315	0	nan	41	5.4957	72373	33.9080	0.9997
4999	3361	137638	528	87	-2.8134	5.0970	229	0	0	-0.8486	-0.1363	71541	12	0.5423	0.4345	0	nan	38	5.4904	72230	44.0187	0.9997
4999	3371	137551	523	83	-6.2388	1.3916	229	1	0	0.1540	-0.1359	71529	2	0.1199	0.4344	0	nan	36	5.5223	71830	40.3836	0.9997
4999	3373	137468	530	84	1.0750	2.4892	229	1	0	0.1545	-0.1358	71527	10	0.2263	0.4356	0	nan	36	5.4389	71677	41.4996	0.9997
4999	3389	137384	531	76	4.5721	-5.0764	229	1	0	0.1585	-0.1351	71517	6	0.5089	0.4360	0	nan	37	5.5421	71054	34.0679	0.9997
4999	3391	137308	528	80	1.8826	-0.9838	229	1	0	0.1590	-0.1351	71511	6	0.0823	0.4363	0	nan	39	5.4315	70913	38.1758	0.9997
4999	3407	137228	525	78	1.3534	-2.5565	229	0	0	-0.8371	-0.1344	71505	6	0.2830	0.4348	0	nan	35	5.4365	70279	36.7443	0.9997
4999	3413	137150	528	83	5.2740	2.6308	229	1	0	0.1644	-0.1342	71499	4	0.2837	0.4364	0	nan	39	5.4980	70016	41.9710	0.9997
4999	3433	137067	517	72	-2.6807	-7.8526	229	1	0	0.1692	-0.1334	71495	8	0.7127	0.4353	0	nan	40	5.4207	69240	31.6621	0.9997
4999	3449	136995	513	66	-4.2699	-13.4404	229	1	0	0.1731	-0.1328	71487	1	0.9223	0.4359	0	nan	44	5.4418	68650	26.1914	0.9997
4999	3457	136929	517	80	0.9271	0.7816	229	0	0	-0.8250	-0.1325	71486	5	0.0868	0.4375	0	nan	42	5.4096	68304	40.4837	0.9997
4999	3461	136849	514	87	-1.4765	7.9194	229	2	1	1.1760	0.8677	71481	5	0.6951	0.9338	0	nan	38	5.4575	68079	47.6593	0.9997
4999	3463	136762	509	80	-6.1787	1.0153	228	1	0	0.1764	-0.1317	71476	3	0.1392	0.4373	0	nan	39	5.3297	67924	40.7716	0.9997
4999	3467	136682	514	75	-0.5844	-3.8474	228	1	0	0.1774	-0.1315	71473	2	0.3803	0.4371	0	nan	37	5.3873	67696	35.9484	0.9997
4999	3469	136607	508	74	-6.2877	-4.7587	228	0	0	-0.8221	-0.1314	71471	8	0.4792	0.4354	0	nan	38	5.3937	67559	35.0499	0.9997
4999	3491	136533	517	81	5.9533	2.7800	228	1	0	0.1830	-0.1306	71463	3	0.2963	0.4384	0	nan	40	5.3388	66728	42.7714	0.9997
4999	3499	136452	505	78	-4.8783	0.0051	228	1	0	0.1849	-0.1303	71460	1	0.0257	0.4365	0	nan	37	5.3361	66356	40.0714	0.9997
4999	3511	136374	505	75	-3.1356	-2.6839	228	1	1	0.1877	0.8701	71459	2	0.2920	0.9350	0	nan	35	5.3200	65862	37.4825	0.9997
4999	3517	136299	502	67	-5.2687	-10.5087	227	0	0	-0.8109	-0.1291	71457	2	0.8663	0.4391	0	nan	42	5.2913	65581	29.7063	0.9997
4999	3527	136232	501	67	-4.8305	-10.2509	227	0	0	-0.8086	-0.1287	71455	2	0.8398	0.4387	0	nan	39	5.3206	65160	30.0508	0.9997
4999	3529	136165	500	69	-5.5438	-8.1692	227	0	0	-0.8082	-0.1286	71453	0	0.7228	0.4393	0	nan	39	5.3868	65020	32.1510	0.9997
4999	3533	136096	504	70	-0.9714	-7.0427	227	0	0	-0.8072	-0.1285	71453	0	0.6849	0.4400	0	nan	36	5.3168	64808	33.3128	0.9997
4999	3539	136026	493	55	-11.1153	-21.8726	227	1	1	0.1941	0.8717	71453	0	0.9958	0.9358	0	nan	39	5.4211	64536	18.5287	0.9997
4999	3541	135971	507	71	3.1694	-5.7981	226	1	0	0.1946	-0.1276	71453	0	0.5466	0.4387	0	nan	38	5.3007	64430	34.6091	0.9997
4999	3547	135900	507	77	4.0217	0.3719	226	0	0	-0.8041	-0.1274	71453	0	0.0305	0.4408	0	nan	39	5.2932	64162	40.8218	0.9997
4999	3557	135823	501	65	-0.5642	-11.3694	226	1	1	0.1982	0.8729	71453	0	0.8794	0.9370	0	nan	36	5.2756	63728	29.1676	0.9997
4999	3559	135758	499	69	-2.2824	-7.2900	225	1	0	0.1987	-0.1264	71453	0	0.6900	0.4404	0	nan	35	5.3051	63608	33.2551	0.9997
4999	3571	135689	498	60	-1.5979	-15.9950	225	1	0	0.2013	-0.1260	71453	0	0.9714	0.4384	0	nan	37	5.4034	63109	24.6547	0.9997
4999	3581	135629	497	61	-1.2027	-14.7492	225	0	0	-0.7964	-0.1257	71453	0	0.9545	0.4374	0	nan	39	5.3497	62684	25.9908	0.9997
4999	3583	135568	498	63	0.0754	-12.6729	225	2	0	1.2040	-0.1256	71453	0	0.9202	0.4403	0	nan	38	5.1917	62552	28.0840	0.9997
4999	3593	135505	494	63	-2.5388	-12.4272	225	0	0	-0.7938	-0.1252	71453	0	0.9126	0.4407	0	nan	37	5.2437	62153	28.4033	0.9997
4999	3607	135442	500	71	5.3884	-4.0995	225	0	0	-0.7907	-0.1248	71453	0	0.4473	0.4398	0	nan	38	5.2139	61617	36.8348	0.9997
4999	3613	135371	490	69	-3.7902	-5.9355	225	1	1	0.2106	0.8754	71453	0	0.5739	0.9377	0	nan	34	5.3063	61331	35.0498	0.9997
4999	3617	135302	491	65	-2.2441	-9.8145	224	1	0	0.2115	-0.1239	71453	0	0.8208	0.4414	0	nan	34	5.2291	61131	31.1980	0.9997
4999	3623	135237	490	59	-2.4273	-15.6547	224	1	0	0.2128	-0.1237	71453	0	0.9716	0.4420	0	nan	37	5.1403	60862	25.4024	0.9997
4999	3631	135178	500	55	8.6577	-19.4577	224	3	0	2.2145	-0.1234	71453	0	0.9937	0.4413	0	nan	37	5.2605	60530	21.6593	0.9997
4999	3637	135123	484	64	-6.5318	-10.3046	224	0	0	-0.7842	-0.1232	71453	0	0.8199	0.4403	0	nan	38	5.3170	60250	30.8683	0.9997
4999	3643	135059	483	64	-6.7239	-10.1471	224	1	0	0.2171	-0.1230	71453	0	0.8435	0.4401	0	nan	39	5.2676	59983	31.0694	0.9997
4999	3659	134995	483	54	-4.5824	-19.7879	224	0	0	-0.7794	-0.1224	71453	0	0.9954	0.4407	0	nan	35	5.3158	59329	21.5709	0.9997
4999	3671	134941	483	57	-2.9886	-16.5173	224	0	0	-0.7769	-0.1220	71453	0	0.9837	0.4411	0	nan	41	5.1644	58837	24.9450	0.9997
4999	3673	134884	484	66	-1.7239	-7.4462	224	0	0	-0.7765	-0.1220	71453	0	0.6808	0.4431	0	nan	36	5.2774	58699	34.0376	0.9997
4999	3677	134818	484	57	-1.1955	-16.3304	224	1	0	0.2244	-0.1218	71453	0	0.9761	0.4396	0	nan	40	5.2249	58496	25.1828	0.9997
4999	3691	134761	482	61	-1.3552	-12.0214	224	1	1	0.2273	0.8786	71453	0	0.9092	0.9393	0	nan	39	5.2051	57932	29.6090	0.9997
4999	3697	134700	484	60	1.4293	-12.8699	223	1	0	0.2286	-0.1206	71453	0	0.9218	0.4448	0	nan	37	5.1397	57666	28.8039	0.9997
4999	3701	134640	484	62	1.9508	-10.7587	223	1	0	0.2294	-0.1205	71453	0	0.8711	0.4408	0	nan	35	5.1698	57454	30.9522	0.9997
4999	3709	134578	481	54	-0.0094	-18.5683	223	0	0	-0.7689	-0.1202	71453	0	0.9922	0.4434	0	nan	34	5.0103	57106	23.2068	0.9997
4999	3719	134524	474	57	-5.7161	-15.3442	223	0	0	-0.7669	-0.1199	71453	0	0.9607	0.4430	0	nan	36	5.2796	56693	26.5117	0.9997
4999	3727	134467	470	56	-8.6863	-16.1583	223	0	0	-0.7652	-0.1197	71453	0	0.9772	0.4426	0	nan	36	5.2478	56331	25.7714	0.9997
4999	3733	134411	480	53	2.0830	-19.0123	223	1	0	0.2360	-0.1195	71453	0	0.9936	0.4424	0	nan	35	5.2076	56067	22.9614	0.9997
4999	3739	134358	475	53	-2.1500	-18.8684	223	2	2	1.2372	1.8807	71453	0	0.9909	0.9957	0	nan	36	5.2066	55795	23.1551	0.9997
4999	3761	134305	476	56	1.6411	-15.4198	221	0	0	-0.7583	-0.1175	71453	0	0.9606	0.4436	0	nan	37	5.1576	54921	26.7945	0.9997
4999	3767	134249	467	60	-6.6034	-11.2763	221	0	0	-0.7571	-0.1173	71453	0	0.8792	0.4421	0	nan	38	5.1455	54649	30.9854	0.9997
4999	3769	134189	471	54	-2.3521	-17.2067	221	2	0	1.2433	-0.1173	71453	0	0.9904	0.4440	0	nan	34	5.1148	54511	25.0740	0.9997
4999	3779	134135	465	47	-7.0995	-23.9897	221	1	1	0.2453	0.8830	71453	0	0.9992	0.9418	0	nan	41	5.0944	54052	18.3935	0.9997
4999	3793	134088	465	52	-5.3570	-18.7029	220	0	0	-0.7519	-0.1160	71453	0	0.9924	0.4436	0	nan	35	5.1684	53483	23.7991	0.9997
4999	3797	134036	472	49	2.1385	-21.6010	220	1	0	0.2489	-0.1159	71453	0	0.9979	0.4444	0	nan	35	5.0667	53291	20.9299	0.9997
4999	3803	133987	466	45	-3.1202	-25.4638	220	1	0	0.2501	-0.1157	71453	0	0.9992	0.4440	0	nan	36	5.1202	53048	17.1020	0.9997
4999	3821	133942	468	42	1.0898	-28.1083	220	0	0	-0.7464	-0.1152	71453	0	0.9997	0.4429	0	nan	35	5.1209	52336	14.6061	0.9987
4999	3823	133900	465	53	-1.6660	-17.0497	220	0	0	-0.7460	-0.1151	71453	0	0.9830	0.4443	0	nan	37	5.1460	52224	25.6790	0.9997
4999	3833	133847	460	44	-5.4485	-25.8393	220	2	0	1.2559	-0.1148	71453	0	0.9997	0.4452	0	nan	34	5.1876	51814	16.9643	0.9992
4999	3847	133803	461	50	-2.7546	-19.5623	220	1	0	0.2586	-0.1144	71453	0	0.9961	0.4454	0	nan	34	5.0085	51266	23.3475	0.9997
4999	3851	133753	466	58	2.7271	-11.4640	220	0	0	-0.7406	-0.1143	71453	0	0.8909	0.4444	0	nan	35	5.0746	51066	31.4791	0.9997
4999	3853	133695	462	49	-1.0324	-20.3979	220	1	0	0.2598	-0.1142	71453	0	0.9979	0.4439	0	nan	34	5.0767	50918	22.5697	0.9997
4999	3863	133646	462	58	0.1662	-11.1929	220	0	0	-0.7383	-0.1139	71453	0	0.8933	0.4454	0	nan	33	5.1265	50516	31.8462	0.9997
4999	3877	133588	452	42	-8.1661	-26.9131	220	0	0	-0.7356	-0.1135	71453	0	0.9997	0.4466	0	nan	37	5.0935	49894	16.2615	0.9995
4999	3881	133546	461	53	1.3082	-15.8204	220	0	0	-0.7349	-0.1134	71453	0	0.9732	0.4451	0	nan	40	4.9550	49694	27.3911	0.9997
4999	3889	133493	461	48	2.2538	-20.6516	220	1	0	0.2666	-0.1131	71453	0	0.9959	0.4460	0	nan	37	5.0185	49326	22.6331	0.9997
4999	3907	133445	459	37	2.3673	-31.3107	220	0	0	-0.7300	-0.1126	71453	0	0.9997	0.4457	0	nan	39	5.0651	48629	12.1067	0.9926
4999	3911	133408	457	47	0.8343	-21.2219	220	0	0	-0.7292	-0.1125	71453	0	0.9977	0.4453	0	nan	35	5.0110	48440	22.2288	0.9997
4999	3917	133361	454	42	-1.4669	-26.0934	220	1	0	0.2719	-0.1123	71453	0	0.9997	0.4456	0	nan	35	5.1396	48156	17.4118	0.9997
4999	3919	133319	454	50	-1.2345	-18.0373	220	0	0	-0.7277	-0.1123	71453	0	0.9913	0.4474	0	nan	35	5.1434	48033	25.4871	0.9997
4999	3923	133269	454	59	-0.7703	-8.9424	220	2	1	1.2730	0.8878	71453	0	0.8139	0.9439	0	nan	36	4.9384	47824	34.6187	0.9997
4999	3929	133210	453	39	-1.0758	-28.8086	219	1	0	0.2741	-0.1115	71453	0	0.9997	0.4455	0	nan	34	5.0514	47532	14.8045	0.9987
4999	3931	133171	446	35	-7.8448	-32.7543	219	1	1	0.2745	0.8886	71453	0	0.9997	0.9443	0	nan	37	5.0478	47431	10.8682	0.9860
4999	3943	133136	453	54	0.5364	-13.5303	218	0	0	-0.7233	-0.1106	71453	0	0.9546	0.4477	0	nan	37	5.0124	46920	30.2009	0.9997
4999	3947	133082	459	49	6.9949	-18.4345	218	0	0	-0.7226	-0.1105	71453	0	0.9904	0.4455	0	nan	40	5.0146	46704	25.3344	0.9997
4999	3967	133033	453	44	3.2738	-23.0698	218	0	0	-0.7189	-0.1099	71453	0	0.9997	0.4478	0	nan	34	5.0342	45885	20.8666	0.9997
4999	3989	132989	443	44	-4.2459	-22.6779	218	2	1	1.2850	0.8907	71453	0	0.9992	0.9453	0	nan	34	4.9751	45008	21.4339	0.9997
4999	4001	132945	444	32	-1.9045	-34.4559	217	0	0	-0.7128	-0.1085	71453	0	0.9998	0.4472	0	nan	36	4.9853	44511	9.7501	0.9810
4999	4003	132913	440	28	-5.6817	-38.4067	217	1	0	0.2875	-0.1084	71453	0	0.9998	0.4470	0	nan	40	5.0697	44410	5.8116	0.8206
4999	4007	132885	446	46	0.7632	-20.3264	217	0	0	-0.7118	-0.1083	71453	0	0.9965	0.4468	0	nan	38	4.9645	44233	23.9221	0.9998
4999	4013	132839	446	48	1.4289	-18.2043	217	0	0	-0.7107	-0.1081	71453	0	0.9928	0.4474	0	nan	35	5.0218	43965	26.0887	0.9998
4999	4019	132791	444	40	0.0926	-26.0816	217	0	0	-0.7096	-0.1080	71453	0	0.9998	0.4472	0	nan	35	4.8901	43670	18.2682	0.9998
4999	4021	132751	438	41	-5.6866	-25.0288	217	1	0	0.2907	-0.1079	71453	0	0.9998	0.4480	0	nan	33	4.9480	43562	19.3328	0.9998
4999	4027	132710	443	40	-0.0256	-25.9101	217	0	0	-0.7082	-0.1078	71453	0	0.9998	0.4491	0	nan	41	5.0065	43304	18.4932	0.9998
4999	4049	132670	440	35	-0.6184	-30.5322	217	1	0	0.2956	-0.1072	71453	0	0.9998	0.4471	0	nan	38	4.9440	42427	14.0432	0.9990
4999	4051	132635	439	44	-1.4009	-21.4826	217	1	0	0.2960	-0.1071	71453	0	0.9990	0.4489	0	nan	33	5.0002	42311	23.1108	0.9998
4999	4057	132591	438	36	-1.7496	-29.3641	217	2	0	1.2970	-0.1070	71453	0	0.9998	0.4492	0	nan	37	4.9410	42012	15.2891	0.9995
4999	4073	132555	441	46	2.9779	-19.0896	217	0	0	-0.7002	-0.1066	71453	0	0.9963	0.4499	0	nan	33	4.8962	41351	25.6951	0.9998
4999	4079	132509	429	37	-8.3778	-27.9713	217	0	0	-0.6992	-0.1064	71453	0	0.9998	0.4485	0	nan	38	4.9545	41046	16.8745	0.9998
4999	4091	132472	433	32	-3.0948	-32.7626	217	1	1	0.3029	0.8939	71453	0	0.9998	0.9469	0	nan	37	4.8836	40554	12.1740	0.9961
4999	4093	132440	441	41	5.1183	-23.7154	216	1	0	0.3032	-0.1055	71453	0	0.9988	0.4499	0	nan	34	4.9560	40436	21.2414	0.9998
4999	4099	132399	437	46	1.7563	-18.6006	216	1	0	0.3042	-0.1054	71453	0	0.9951	0.4502	0	nan	36	4.9653	40184	26.3933	0.9998
4999	4111	132353	425	46	-8.9732	-18.3897	216	1	1	0.3063	0.8949	71453	0	0.9908	0.9474	0	nan	36	4.9625	39671	26.7001	0.9998
4999	4127	132307	424	32	-8.2908	-32.1178	215	0	0	-0.6911	-0.1042	71453	0	0.9998	0.4515	0	nan	37	5.0320	38972	13.1136	0.9985
4999	4129	132275	422	34	-10.0814	-30.0712	215	1	0	0.3093	-0.1041	71453	0	0.9998	0.4491	0	nan	39	4.8980	38868	15.1732	0.9998
4999	4133	132241	430	36	-1.6632	-27.9927	215	1	0	0.3099	-0.1040	71453	0	0.9998	0.4501	0	nan	36	4.8638	38671	17.2867	0.9998
4999	4139	132205	428	41	-3.0374	-22.8826	215	1	0	0.3109	-0.1039	71453	0	0.9993	0.4505	0	nan	40	4.9603	38405	22.4424	0.9998
4999	4153	132164	423	42	-6.5844	-21.6475	215	0	0	-0.6867	-0.1035	71453	0	0.9993	0.4494	0	nan	35	4.8627	37796	23.7982	0.9998
4999	4157	132122	433	31	3.8290	-32.5660	215	0	0	-0.6861	-0.1034	71453	0	0.9998	0.4502	0	nan	38	4.9362	37606	12.9071	0.9993
4999	4159	132091	432	28	3.0353	-35.5206	215	0	0	-0.6857	-0.1034	71453	0	0.9998	0.4495	0	nan	37	4.9050	37486	9.9736	0.9906
4999	4177	132063	429	31	1.8839	-32.2334	215	3	0	2.3172	-0.1029	71453	0	0.9998	0.4504	0	nan	40	4.9473	36764	13.3969	0.9995
4999	4201	132032	422	41	-2.6760	-21.8574	215	1	1	0.3211	0.8976	71453	0	0.9988	0.9488	0	nan	31	4.8962	35773	23.9693	0.9998
4999	4211	131991	420	35	-3.6675	-27.6887	214	0	0	-0.6773	-0.1016	71453	0	0.9998	0.4513	0	nan	37	4.9110	35325	18.2225	0.9998
4999	4217	131956	418	30	-5.0647	-32.5829	214	1	1	0.3237	0.8985	71453	0	0.9998	0.9492	0	nan	36	4.9154	35027	13.3877	0.9998
4999	4219	131926	420	26	-2.8642	-36.5390	213	0	0	-0.6760	-0.1010	71453	0	0.9998	0.4509	0	nan	37	4.8571	34912	9.4501	0.9886
4999	4229	131900	418	27	-3.8643	-35.3788	213	0	0	-0.6744	-0.1007	71453	0	0.9998	0.4510	0	nan	37	4.8966	34479	10.6940	0.9979
4999	4231	131873	420	26	-1.6649	-36.3366	213	0	0	-0.6741	-0.1007	71453	0	0.9998	0.4513	0	nan	42	4.8134	34370	9.7532	0.9889
4999	4241	131847	419	33	-1.6706	-29.1773	213	0	0	-0.6725	-0.1004	71453	0	0.9998	0.4521	0	nan	38	4.8806	33931	16.9986	0.9998
4999	4243	131814	421	29	0.5277	-33.1325	213	2	0	1.3278	-0.1004	71453	0	0.9998	0.4519	0	nan	39	4.8386	33819	13.0589	0.9991
4999	4253	131785	422	35	2.5163	-26.9727	213	0	0	-0.6706	-0.1002	71453	0	0.9998	0.4520	0	nan	35	4.8354	33413	19.2873	0.9998
4999	4259	131750	408	25	-10.8927	-36.8690	213	1	0	0.3304	-0.1000	71453	0	0.9998	0.4514	0	nan	41	4.9057	33153	9.4316	0.9883
4999	4261	131725	410	27	-8.6961	-34.8282	213	0	0	-0.6693	-0.1000	71453	0	0.9998	0.4509	0	nan	41	4.8106	33046	11.4891	0.9977
4999	4271	131698	417	28	-0.7158	-33.6708	213	0	0	-0.6678	-0.0997	71453	0	0.9998	0.4522	0	nan	37	4.8749	32629	12.7207	0.9995
4999	4273	131670	413	24	-4.5202	-37.6288	213	1	0	0.3326	-0.0997	71453	0	0.9998	0.4515	0	nan	39	4.9018	32512	8.7826	0.9834
4999	4283	131646	415	28	-1.5454	-33.4737	213	1	1	0.3341	0.9005	71453	0	0.9998	0.9503	0	nan	40	4.8276	32078	13.0208	0.9995
4999	4289	131618	415	31	-0.9627	-30.3747	212	0	0	-0.6650	-0.0989	71453	0	0.9998	0.4517	0	nan	33	4.8101	31809	16.1672	0.9998
4999	4297	131587	409	29	-6.1883	-32.2460	212	0	0	-0.6637	-0.0987	71453	0	0.9998	0.4520	0	nan	37	4.8520	31467	14.3540	0.9998
4999	4327	131558	417	30	4.6903	-30.8080	212	3	1	2.3409	0.9020	71453	0	0.9998	0.9510	0	nan	35	4.7818	30216	16.0337	0.9998
4999	4337	131528	406	19	-5.3590	-41.6539	211	0	0	-0.6576	-0.0973	71453	0	0.9998	0.4523	0	nan	44	4.7963	29745	5.2831	0.8856
4999	4339	131509	405	19	-6.1694	-41.6172	211	0	0	-0.6573	-0.0973	71453	0	0.9998	0.4525	0	nan	41	4.7231	29644	5.3360	0.8903
4999	4349	131490	405	27	-5.2240	-33.4691	211	0	0	-0.6558	-0.0970	71453	0	0.9998	0.4529	0	nan	38	4.8950	29207	13.5684	0.9998
4999	4357	131463	403	27	-6.4707	-33.3457	211	2	0	1.3454	-0.0969	71453	0	0.9998	0.4522	0	nan	36	4.7645	28860	13.7524	0.9998
4999	4363	131436	415	26	6.0924	-34.2503	211	0	0	-0.6537	-0.0967	71453	0	0.9998	0.4551	0	nan	39	4.7903	28582	12.8980	0.9993
4999	4373	131410	410	29	2.0274	-31.1006	211	1	1	0.3478	0.9035	71453	0	0.9998	0.9517	0	nan	36	4.7781	28138	16.1310	0.9998
4999	4391	131381	409	23	2.6998	-36.8410	210	1	1	0.3505	0.9043	71453	0	0.9998	0.9522	0	nan	38	4.8060	27398	10.5208	0.9982
4999	4397	131358	404	23	-1.7457	-36.7489	209	0	0	-0.6486	-0.0951	71453	0	0.9998	0.4547	0	nan	37	4.7285	27128	10.6607	0.9982
4999	4409	131335	412	25	7.3586	-34.5759	209	1	0	0.3531	-0.0948	71453	0	0.9998	0.4544	0	nan	38	4.7159	26589	12.9388	0.9998
4999	4421	131310	398	25	-5.5431	-34.4029	209	0	0	-0.6451	-0.0945	71453	0	0.9998	0.4538	0	nan	35	4.7351	26092	13.1963	0.9998
4999	4423	131285	398	23	-5.3606	-36.3647	209	2	1	1.3552	0.9055	71453	0	0.9998	0.9527	0	nan	38	4.7705	25988	11.2487	0.9993
4999	4441	131262	396	20	-5.7257	-39.1137	208	0	0	-0.6422	-0.0937	71453	0	0.9998	0.4545	0	nan	40	4.7534	25230	8.6377	0.9966
4999	4447	131242	397	23	-4.1837	-36.0250	208	1	0	0.3587	-0.0935	71453	0	0.9998	0.4561	0	nan	45	4.7938	24976	11.7673	0.9996
4999	4451	131219	396	25	-4.8232	-33.9616	208	1	0	0.3592	-0.0935	71453	0	0.9998	0.4546	0	nan	41	4.7024	24785	13.8632	0.9998
4999	4457	131194	408	14	7.7164	-44.8710	208	2	0	1.3601	-0.0933	71453	0	0.9998	0.4551	0	nan	41	4.7242	24517	2.9984	0.6212
4999	4463	131180	394	24	-5.7455	-34.7856	208	0	0	-0.6390	-0.0932	71453	0	0.9998	0.4550	0	nan	40	4.6860	24279	13.1199	0.9998
4999	4481	131156	394	26	-4.1397	-32.5387	208	1	0	0.3635	-0.0928	71453	0	0.9998	0.4547	0	nan	35	4.6636	23486	15.5175	0.9998
4999	4483	131130	400	21	2.0379	-37.5010	208	0	0	-0.6362	-0.0928	71453	0	0.9998	0.4549	0	nan	39	4.7574	23383	10.5681	0.9998
4999	4493	131109	406	21	8.9237	-37.3615	208	2	1	1.3652	0.9074	71453	0	0.9998	0.9537	0	nan	37	4.7908	22919	10.7979	0.9996
4999	4507	131088	391	21	-4.8429	-37.1708	207	0	0	-0.6328	-0.0919	71453	0	0.9998	0.4558	0	nan	38	4.7249	22334	11.0892	0.9998
4999	4513	131067	395	14	-0.3166	-44.0842	207	0	0	-0.6320	-0.0917	71453	0	0.9998	0.4559	0	nan	38	4.7126	22057	4.2251	0.8610
4999	4517	131053	393	17	-1.9666	-41.0266	207	0	0	-0.6314	-0.0917	71453	0	0.9998	0.4562	0	nan	40	4.7324	21863	7.3197	0.9885
4999	4519	131036	397	17	2.2082	-40.9934	207	1	0	0.3689	-0.0916	71453	0	0.9998	0.4564	0	nan	41	4.6799	21775	7.3629	0.9905
4999	4523	131019	388	15	-6.4426	-42.9346	207	0	0	-0.6306	-0.0915	71453	0	0.9998	0.4549	0	nan	40	4.6566	21572	5.4612	0.9272
4999	4547	131004	390	10	-2.3607	-47.6222	207	1	0	0.3728	-0.0910	71453	0	0.9998	0.4556	0	nan	45	4.6746	20564	0.9549	0.2072
4999	4549	130994	380	17	-12.1882	-40.5924	207	0	0	-0.6270	-0.0910	71453	0	0.9998	0.4551	0	nan	40	4.6647	20477	7.9971	0.9938
4999	4561	130977	388	13	-3.1563	-44.4335	207	0	0	-0.6253	-0.0908	71453	0	0.9998	0.4550	0	nan	42	4.7211	19927	4.2620	0.8912
4999	4567	130964	384	17	-6.6424	-40.3523	207	0	0	-0.6245	-0.0907	71453	0	0.9998	0.4562	0	nan	37	4.6414	19666	8.3878	0.9982
4999	4583	130947	381	22	-8.2786	-35.1447	207	0	0	-0.6223	-0.0903	71453	0	0.9998	0.4568	0	nan	39	4.6937	18953	13.7290	0.9998
4999	4591	130925	387	17	-1.6003	-40.0355	207	1	0	0.3788	-0.0902	71453	0	0.9998	0.4556	0	nan	38	4.7343	18569	8.9107	0.9987
4999	4597	130908	383	13	-5.0931	-43.9537	207	2	1	1.3796	0.9099	71453	0	0.9998	0.9550	0	nan	41	4.6195	18302	5.0374	0.9556
4999	4603	130895	390	26	2.4128	-30.8738	206	1	0	0.3804	-0.0895	71453	0	0.9998	0.4563	0	nan	32	4.6246	18032	18.1651	0.9998
4999	4621	130869	387	15	0.9225	-41.6410	206	0	0	-0.6172	-0.0892	71453	0	0.9998	0.4558	0	nan	41	4.6555	17250	7.5341	0.9959
4999	4637	130854	381	10	-3.7453	-46.4391	206	0	0	-0.6151	-0.0889	71453	0	0.9998	0.4575	0	nan	41	4.7225	16544	2.8644	0.7278
4999	4639	130844	379	14	-5.5794	-42.4104	206	1	0	0.3852	-0.0888	71453	0	0.9998	0.4573	0	nan	41	4.7123	16456	6.9054	0.9948
4999	4643	130830	380	16	-4.2481	-40.3558	206	1	1	0.3857	0.9113	71453	0	0.9998	0.9556	0	nan	39	4.5895	16256	8.9976	0.9994
4999	4649	130814	372	10	-11.7522	-46.2762	205	1	0	0.3865	-0.0882	71453	0	0.9998	0.4576	0	nan	43	4.5686	15977	3.1267	0.8229
4999	4651	130804	374	8	-9.5872	-48.2477	205	1	0	0.3868	-0.0882	71453	0	0.9998	0.4566	0	nan	43	4.6398	15890	1.1671	0.3978
4999	4657	130796	376	14	-7.0930	-42.1718	205	0	0	-0.6124	-0.0880	71453	0	0.9998	0.4583	0	nan	40	4.7047	15646	7.2807	0.9963
4999	4663	130782	380	12	-2.6000	-44.0935	205	0	0	-0.6116	-0.0879	71453	0	0.9998	0.4565	0	nan	40	4.5848	15364	5.4103	0.9798
4999	4673	130770	376	13	-5.7813	-42.9683	205	2	0	1.3897	-0.0877	71453	0	0.9998	0.4570	0	nan	40	4.5912	14933	6.6088	0.9934
4999	4679	130757	380	13	-1.2917	-42.8910	205	0	0	-0.6095	-0.0876	71453	0	0.9998	0.4575	0	nan	40	4.6285	14673	6.7281	0.9964
4999	4691	130744	380	11	-0.3164	-44.7425	205	2	0	1.3920	-0.0874	71453	0	0.9998	0.4574	0	nan	42	4.5344	14150	4.9672	0.9768
4999	4703	130733	379	11	-0.3459	-44.5956	205	0	0	-0.6064	-0.0872	71453	0	0.9998	0.4575	0	nan	43	4.5731	13639	5.1999	0.9823
4999	4721	130722	378	12	0.1004	-43.3789	205	0	0	-0.6041	-0.0868	71453	0	0.9998	0.4576	0	nan	41	4.5986	12862	6.5512	0.9975
4999	4723	130710	373	14	-4.7396	-41.3504	205	1	0	0.3961	-0.0868	71453	0	0.9998	0.4585	0	nan	41	4.6462	12760	8.5967	0.9998
4999	4729	130696	369	7	-8.2603	-48.2743	205	0	0	-0.6031	-0.0867	71453	0	0.9998	0.4581	0	nan	42	4.6426	12475	1.7240	0.5950
4999	4733	130689	373	8	-3.9415	-47.2246	205	0	0	-0.6026	-0.0866	71453	0	0.9998	0.4573	0	nan	40	4.5724	12293	2.8054	0.8221
4999	4751	130681	368	10	-7.5134	-45.0120	205	0	0	-0.6003	-0.0863	71453	0	0.9998	0.4581	0	nan	40	4.5721	11473	5.1703	0.9901
4999	4759	130671	366	9	-8.8821	-45.9153	205	0	0	-0.5993	-0.0862	71453	0	0.9998	0.4578	0	nan	42	4.6098	11126	4.3242	0.9649
4999	4783	130662	372	7	-1.0010	-47.6360	205	2	1	1.4037	0.9143	71453	0	0.9998	0.9571	0	nan	42	4.6287	10075	2.7872	0.8471
4999	4787	130655	373	1	0.3106	-53.5874	204	0	0	-0.5958	-0.0852	71453	0	0.9998	0.4578	0	nan	45	4.6068	9883	-3.1291	0.9139
4999	4789	130654	367	4	-5.5337	-50.5642	204	0	0	-0.5955	-0.0852	71453	0	0.9998	0.4584	0	nan	45	4.5033	9806	-0.0952	0.1036
4999	4793	130650	377	8	4.7772	-46.5170	204	0	0	-0.5950	-0.0851	71453	0	0.9998	0.4591	0	nan	47	4.5841	9608	3.9908	0.9530
4999	4799	130642	367	7	-4.7574	-47.4455	204	1	1	0.4057	0.9150	71453	0	0.9998	0.9575	0	nan	44	4.6287	9318	3.1167	0.9316
4999	4801	130635	368	12	-3.6026	-42.4199	203	1	0	0.4060	-0.0846	71453	0	0.9998	0.4583	0	nan	39	4.5781	9217	8.1604	0.9998
4999	4813	130623	365	11	-5.6761	-43.2792	203	1	1	0.4074	0.9156	71453	0	0.9998	0.9578	0	nan	42	4.5663	8694	7.3873	0.9996
4999	4817	130612	360	5	-10.3683	-49.2296	202	1	0	0.4079	-0.0839	71453	0	0.9998	0.4593	0	nan	43	4.6350	8514	1.4650	0.4927
4999	4831	130607	370	6	0.7050	-48.0704	202	1	0	0.4096	-0.0836	71453	0	0.9998	0.4594	0	nan	44	4.5122	7876	2.7394	0.9002
4999	4861	130601	368	7	0.9842	-46.7342	202	3	0	2.4133	-0.0831	71453	0	0.9998	0.4601	0	nan	42	4.5000	6495	4.3277	0.9912
4999	4871	130594	362	5	-4.2624	-48.6210	202	0	0	-0.5855	-0.0829	71453	0	0.9998	0.4589	0	nan	47	4.5357	6021	2.5278	0.9400
4999	4877	130589	367	2	1.1882	-51.5530	202	0	0	-0.5848	-0.0828	71453	0	0.9998	0.4602	0	nan	43	4.5707	5756	-0.3605	0.1300
4999	4889	130587	363	3	-1.9139	-50.4207	202	1	0	0.4166	-0.0826	71453	0	0.9998	0.4603	0	nan	42	4.6144	5239	0.8568	0.3924
4999	4903	130584	367	2	3.1281	-51.2670	202	2	1	1.4183	0.9176	71453	0	0.9998	0.9588	0	nan	44	4.5062	4597	0.1248	0.1383
4999	4909	130582	361	3	-2.4272	-50.2011	201	0	0	-0.5810	-0.0819	71453	0	0.9998	0.4599	0	nan	42	4.4741	4318	1.2408	0.6877
4999	4919	130579	364	9	1.3116	-44.0917	201	1	0	0.4202	-0.0817	71453	0	0.9998	0.4606	0	nan	41	4.5144	3857	7.4318	0.9998
4999	4931	130570	358	6	-3.8057	-46.9588	201	1	0	0.4216	-0.0815	71453	0	0.9998	0.4604	0	nan	39	4.5176	3312	4.6567	0.9992
4999	4933	130564	356	5	-5.6590	-47.9349	201	0	0	-0.5781	-0.0815	71453	0	0.9998	0.4601	0	nan	40	4.5097	3221	3.6941	0.9978
4999	4937	130559	357	3	-4.3660	-49.8900	201	1	0	0.4223	-0.0814	71453	0	0.9998	0.4605	0	nan	44	4.5065	3029	1.7729	0.9269
4999	4943	130556	350	2	-10.9274	-50.8246	201	0	0	-0.5770	-0.0813	71453	0	0.9998	0.4599	0	nan	43	4.5612	2773	0.8780	0.4905
4999	4951	130554	361	4	0.6558	-48.7384	201	2	0	1.4240	-0.0812	71453	0	0.9998	0.4610	0	nan	43	4.4723	2420	3.0224	0.9943
4999	4957	130550	360	1	0.0920	-51.6730	201	0	0	-0.5753	-0.0811	71453	0	0.9998	0.4598	0	nan	42	4.4254	2133	0.1394	0.1919
4999	4967	130549	353	0	-6.1834	-52.5665	201	1	0	0.4258	-0.0809	71453	0	0.9998	0.4603	0	nan	43	4.5783	1681	-0.6769	0.6138
4999	4969	130549	362	3	2.9612	-49.5454	201	0	0	-0.5740	-0.0809	71453	0	0.9998	0.4595	0	nan	41	4.5191	1581	2.3637	0.9885
4999	4973	130546	357	1	-1.7501	-51.5019	201	1	0	0.4265	-0.0808	71453	0	0.9998	0.4608	0	nan	43	4.5176	1377	0.4462	0.1677
4999	4987	130545	354	0	-3.7429	-52.3541	201	1	0	0.4281	-0.0806	71453	0	0.9998	0.4611	0	nan	43	4.4457	750	-0.3008	0.3644
4999	4993	130545	354	2	-3.3130	-50.2912	201	2	1	1.4288	0.9195	71453	0	0.9998	0.9599	0	nan	45	4.4280	493	1.8025	0.9944
4999	4999	130543	354	0	-2.8842	-52.2276	200	0	0	-0.5705	-0.0800	71453	0	0.9998	0.4606	0	nan	45	4.5703	200	-0.0800	0.4606
