generation,individual,population_size,generations,max_depth,keep_pct,crossover_pct,random_pct,match_weight_factor,mutation_rate,prune_rate,duplicate_mutate_rate,fitness,matches,elapsed_time_seconds,expression
1,3,200,500,5,0.7062257534872874,0.1969802849048866,0.09679396160782597,2.0,0.6943208120712399,0.20997923286324693,0.03416968431574069,0.0,0,2.1246771812438965,log_{acos(n)}(n)
1,9,50,1000,8,0.7633677567134735,0.03456954994694651,0.20206269333958005,2.0,0.4798614186774307,0.35338263779998785,0.07483038570977002,0.0,0,1.0007386207580566,(n + tan((n + log_{n}((log_{sin(cos(n))}(n) - acos(n))))))
1,5,100,3000,8,0.8680702130209915,0.12885030154826127,0.0030794854307472086,2.0,0.2642075001904124,0.08726022014782275,0.26572694473780056,-3.0,1,7.744345426559448,"(n + nroot(n, atan(n)))"
1,2,300,1000,10,0.5723370678467401,0.03461476263829292,0.39304816951496696,2.0,0.5012468826282551,0.06852117145620906,0.2739120167483732,0.0,0,9.000812292098999,log_{(acos(n) - cos(n))}(n)
1,11,50,5000,9,0.8421481753484918,0.10827104953547727,0.04958077511603089,2.0,0.2763992145681527,0.3110654854289667,0.3096089735660386,0.0,0,5.908495903015137,log_{n}(cos(n))
1,10,1000,500,7,0.29581448155133316,0.040818837175364796,0.663366681273302,2.0,0.8359209194615291,0.057376436499001315,0.4400345221263212,-3.0,1,14.238337993621826,"(n + nroot(n, atan(n)))"
1,8,500,1000,8,0.47723906117610393,0.5196239974911493,0.0031369413327467788,2.0,0.33084488731689865,0.3261348694362788,0.011535346651684597,-3.0,1,19.71217393875122,((n ** atan(n)) + n)
1,13,1500,1000,5,0.7596506391428133,0.058743727732216235,0.1816056331249705,2.0,0.4258711774974226,0.4848917961771373,0.2509506549366962,-3.0,1,28.785358905792236,((n ** sin(n)) + n)
1,4,1000,1000,12,0.2645041945169837,0.5344092893305906,0.20108651615242568,2.0,0.1578705608519944,0.35036940960794816,0.16105353309274617,-3.0,1,52.82017540931702,"(nroot(n, sin(n)) + n)"
1,17,50,1500,9,0.23760382558339735,0.1283836008104071,0.6340125736061956,2.0,0.3954192745953561,0.24631454050815915,0.2541895368038879,-1.0,1,2.873626947402954,(n - (n * neg(n)))
1,14,500,4000,4,0.4560608580048626,0.07785110986864045,0.4660880321264969,2.0,0.6925620043619208,0.01136349190862812,0.44313320607767354,-38.0,2,41.12315106391907,(n + (n / ((e + n) - e)))
1,19,300,1000,3,0.4392377224044759,0.022119069477820063,0.538643208117704,2.0,0.8811674757274719,0.12469849339863576,0.05793999211314699,-3.0,1,4.238635540008545,"(nroot(n, atan(n)) + n)"
1,15,500,2000,9,0.644255302636543,0.1455169483433039,0.21022774902015315,2.0,0.8011191861287691,0.11062280643009736,0.42712964387933433,-2.0,1,46.64359259605408,((n / (n * n)) + n)
1,16,200,3000,10,0.38846427908116354,0.430020558597694,0.18151516232114245,2.0,0.6341003678405586,0.3689456496885823,0.49637876498116457,-3.0,1,37.76603102684021,"(n + nroot(n, atan(n)))"
1,20,300,10000,8,0.2720442138246497,0.44773136128690566,0.2802244248884446,2.0,0.13760596684328336,0.08347010594799609,0.34859793639708286,-39.0,2,174.48597526550293,(n + (sin(n) ** sin((n * pi))))
1,1,2000,5000,8,0.8675681484133583,0.09777578090359516,0.03465607068304656,2.0,0.9683279021657865,0.3137502891159816,0.3469087834494047,-37.0,2,287.1757950782776,(n + (n - (n + (neg(sin(n)) / sin(n)))))
1,7,1500,4000,8,0.39977919688751484,0.3513363788530256,0.24888442425945956,2.0,0.35972395771583554,0.02394618508917845,0.2588716031986952,-39.0,2,313.5381336212158,(((phi * phi) - phi) + n)
1,6,2000,4000,9,0.4727553454253802,0.3170469166938021,0.2101977378808177,2.0,0.8749863971266264,0.4520402363866783,0.205489127832709,-39.0,2,476.35525918006897,(n - (neg((n + n)) / (n + n)))
1,12,2000,10000,8,0.2461468379619929,0.27844201124881596,0.47541115078919116,2.0,0.20655525448161832,0.43729181245732274,0.4551854121526649,-39.0,2,1065.809226512909,(n + (sin(n) ** sin((n * pi))))
1,18,2000,10000,15,0.4148350838304554,0.04880877449658583,0.5363561416729588,2.0,0.5600158818187077,0.30732724187572363,0.3001715412578494,-39.0,2,1624.2395069599152,(((phi * phi) - phi) + n)
2,1,300,10000,8,0.2720442138246497,0.44773136128690566,0.2802244248884446,2.0,0.13760596684328336,0.08347010594799609,0.34859793639708286,-38.0,2,171.98154377937317,(((atan(n) / (atan(n) / n)) / n) + n)
2,6,300,10000,8,0.2720442138246497,0.44773136128690566,0.2802244248884446,2.0,0.13760596684328336,0.08347010594799609,0.34859793639708286,-40.0,2,173.46447443962097,(n + sin(acos(sin((n * pi)))))
2,9,300,10000,8,0.2720442138246497,0.44773136128690566,0.2802244248884446,2.0,0.13760596684328336,0.08347010594799609,0.34859793639708286,-3.0,1,143.2483332157135,"(nroot(n, sin(n)) + n)"
2,2,1500,4000,8,0.39977919688751484,0.3513363788530256,0.24888442425945956,2.0,0.35972395771583554,0.02394618508917845,0.2588716031986952,-40.0,2,359.5012593269348,(n - cos((n - (pi + n))))
2,7,1500,4000,8,0.39977919688751484,0.3513363788530256,0.24888442425945956,2.0,0.7690927387266764,0.02394618508917845,0.2588716031986952,-39.0,2,451.52828192710876,(n + (sin(n) ** tan((n * pi))))
2,3,2000,4000,9,0.4727553454253802,0.3170469166938021,0.2101977378808177,2.0,0.8749863971266264,0.4520402363866783,0.205489127832709,-39.0,2,567.3739323616028,(((sin(n) * n) + sin(n)) / sin(n))
2,14,1500,4000,6,0.39977919688751484,0.3513363788530256,0.24888442425945956,2.0,0.35972395771583554,0.02394618508917845,0.2588716031986952,-39.0,2,353.13001704216003,(n + (cos(n) ** sin((n * pi))))
2,4,2000,10000,8,0.2461468379619929,0.27844201124881596,0.47541115078919116,2.0,0.20655525448161832,0.43729181245732274,0.4551854121526649,-40.0,2,1027.382210969925,(n - cos((n / (n / pi))))
2,15,300,10000,8,0.2720442138246497,0.44773136128690566,0.2802244248884446,2.0,0.13760596684328336,0.08347010594799609,0.34859793639708286,-39.0,2,146.67280459403992,((phi * phi) + (n - phi))
2,8,2000,10000,8,0.2461468379619929,0.27844201124881596,0.47541115078919116,2.0,0.20655525448161832,0.43729181245732274,0.4551854121526649,-39.0,2,1159.9411261081696,(n + (atan(n) ** sin((n * pi))))
2,16,300,10000,8,0.2720442138246497,0.44773136128690566,0.2802244248884446,2.0,0.13760596684328336,0.08347010594799609,0.34859793639708286,-38.0,2,142.53740739822388,((n * (euler_gamma / (euler_gamma * n))) + n)
2,18,300,10000,8,0.2720442138246497,0.44773136128690566,0.2802244248884446,2.0,0.13760596684328336,0.08347010594799609,0.34859793639708286,-39.0,2,198.7140326499939,((sin(n) ** sin((n * pi))) + n)
2,11,2000,10000,8,0.2461468379619929,0.27844201124881596,0.47541115078919116,2.0,0.20655525448161832,0.43729181245732274,0.4551854121526649,-39.0,2,1082.3273358345032,(n - (neg(((n + n) - n)) / n))
2,12,2000,10000,8,0.2461468379619929,0.27844201124881596,0.47541115078919116,2.0,0.20655525448161832,0.43729181245732274,0.4551854121526649,-41.0,2,1094.1545221805573,(n - (sin((pi / n)) - n))
2,20,300,10000,8,0.2720442138246497,0.44773136128690566,0.2802244248884446,2.0,0.13760596684328336,0.08347010594799609,0.34859793639708286,-3.0,1,126.25128316879272,"(n + nroot(n, sin(n)))"
2,13,2000,10000,8,0.2461468379619929,0.27844201124881596,0.47541115078919116,2.0,0.20655525448161832,0.04058366894182086,0.4551854121526649,-38.0,2,1127.872720003128,(((catalan / (catalan * n)) * n) + n)
2,17,2000,4000,9,0.4727553454253802,0.3170469166938021,0.2101977378808177,2.0,0.8749863971266264,0.4520402363866783,0.205489127832709,-39.0,2,545.7585911750793,((tan(n) ** sin((pi * n))) + n)
2,19,2000,10000,8,0.9545597789606686,0.0375843301612548,0.00785589087807663,2.0,0.20655525448161832,0.43729181245732274,0.4551854121526649,-39.0,2,483.8496778011322,((sin(n) ** sin((n * pi))) + n)
2,5,2000,10000,15,0.4148350838304554,0.04880877449658583,0.5363561416729588,2.0,0.5600158818187077,0.30732724187572363,0.3001715412578494,-39.0,2,1794.769113779068,(cos((((n + n) - n) - n)) + n)
2,10,2000,10000,15,0.40342349416963785,0.563009430486801,0.03356707534356118,2.0,0.5600158818187077,0.30732724187572363,0.3001715412578494,-41.0,2,2377.496987581253,((n + n) - sin((pi / n)))
3,3,300,10000,8,0.2720442138246497,0.44773136128690566,0.2802244248884446,2.0,0.13760596684328336,0.08347010594799609,0.34859793639708286,-38.0,2,179.72009348869324,(n + (n / (pi - (pi - n))))
3,7,1500,4000,6,0.39977919688751484,0.3513363788530256,0.24888442425945956,2.0,0.35972395771583554,0.02394618508917845,0.2588716031986952,-39.0,2,320.65833139419556,((atan(n) ** sin((pi * n))) + n)
3,4,1500,4000,8,0.39977919688751484,0.3513363788530256,0.24888442425945956,2.0,0.35972395771583554,0.02394618508917845,0.2588716031986952,-41.0,2,390.8291320800781,(n - (sin(n) / sin(neg(n))))
3,9,1500,4000,8,0.39977919688751484,0.3513363788530256,0.24888442425945956,2.0,0.35972395771583554,0.02394618508917845,0.2588716031986952,-39.0,2,426.69743156433105,(n + (sin(n) ** sin((pi * n))))
3,12,300,10000,8,0.2720442138246497,0.44773136128690566,0.2802244248884446,2.0,0.13760596684328336,0.08347010594799609,0.34859793639708286,-39.0,2,144.4837188720703,((n - phi) + (phi * phi))
3,11,1500,4000,8,0.39977919688751484,0.3513363788530256,0.24888442425945956,2.0,0.35972395771583554,0.02394618508917845,0.2588716031986952,-39.0,2,407.11000418663025,((sin(n) ** sin((n * pi))) + n)
3,5,2000,10000,8,0.2461468379619929,0.27844201124881596,0.47541115078919116,2.0,0.20655525448161832,0.43729181245732274,0.4551854121526649,-40.0,2,1040.6875157356262,(n - cos((n - (n - pi))))
3,1,2000,10000,8,0.2461468379619929,0.27844201124881596,0.47541115078919116,2.0,0.20655525448161832,0.43729181245732274,0.4551854121526649,-41.0,2,1075.4064791202545,((cos(neg(n)) / cos(n)) + n)
3,6,2000,10000,8,0.2461468379619929,0.27844201124881596,0.47541115078919116,2.0,0.20655525448161832,0.43729181245732274,0.06410900162404942,-39.0,2,1078.3058578968048,(n + (n / (neg(n) + (n + n))))
3,14,1500,4000,8,0.39977919688751484,0.3513363788530256,0.24888442425945956,2.0,0.35972395771583554,0.02394618508917845,0.2588716031986952,-39.0,2,365.4999885559082,(n + (sin(n) ** sin((pi * n))))
3,17,300,10000,8,0.2720442138246497,0.44773136128690566,0.2802244248884446,2.0,0.13760596684328336,0.08347010594799609,0.34859793639708286,-39.0,2,176.39860248565674,((atan(n) ** sin((n * pi))) + n)
3,8,2000,10000,15,0.5016262527234753,0.010572730375885856,0.4878010169006389,2.0,0.5600158818187077,0.30732724187572363,0.3001715412578494,-38.0,2,1343.501037120819,(n + (n / ((n * sin(n)) / sin(n))))
3,19,300,10000,8,0.2720442138246497,0.44773136128690566,0.2802244248884446,2.0,0.13760596684328336,0.08347010594799609,0.34859793639708286,-39.0,2,183.00783848762512,((sin(n) ** sin((pi * n))) + n)
3,20,300,10000,8,0.2720442138246497,0.44773136128690566,0.2802244248884446,2.0,0.13760596684328336,0.08347010594799609,0.34859793639708286,-41.0,2,175.1554856300354,(n - (sin(n) / sin(neg(n))))
3,15,2000,10000,8,0.2461468379619929,0.27844201124881596,0.47541115078919116,2.0,0.20655525448161832,0.43729181245732274,0.4551854121526649,-39.0,2,1111.0917963981628,(n + (sin(n) ** sin((n * pi))))
3,16,2000,10000,8,0.2461468379619929,0.27844201124881596,0.47541115078919116,2.0,0.20655525448161832,0.43729181245732274,0.4551854121526649,-39.0,2,1102.0970752239227,((sin(n) ** sin((n * pi))) + n)
3,2,2000,10000,15,0.40342349416963785,0.563009430486801,0.03356707534356118,2.0,0.5600158818187077,0.30732724187572363,0.3001715412578494,-41.0,2,2687.101786375046,((cos(neg(n)) / cos(n)) + n)
3,10,2000,10000,15,0.40342349416963785,0.563009430486801,0.03356707534356118,2.0,0.5600158818187077,0.30732724187572363,0.3001715412578494,-40.0,2,2645.8216931819916,(n + cos(tan(sin((pi * n)))))
3,13,2000,10000,15,0.40342349416963785,0.563009430486801,0.03356707534356118,2.0,0.5600158818187077,0.30732724187572363,0.3001715412578494,-40.0,2,2731.7746663093567,((tan(n) * tan(asin(cos(n)))) + n)
3,18,2000,10000,15,0.40342349416963785,0.563009430486801,0.03356707534356118,2.0,0.5600158818187077,0.30732724187572363,0.3001715412578494,-42.0,2,2449.902509212494,(1 - neg(n))
4,4,300,10000,8,0.2720442138246497,0.44773136128690566,0.2802244248884446,2.0,0.13760596684328336,0.08347010594799609,0.34859793639708286,-39.0,2,206.4075357913971,(n + (atan(n) ** tan((n * pi))))
4,9,2000,1500,8,0.2461468379619929,0.27844201124881596,0.47541115078919116,2.0,0.20655525448161832,0.43729181245732274,0.4551854121526649,-38.0,2,170.03138637542725,(n + (n / (euler_gamma / (euler_gamma / n))))
4,2,1500,4000,8,0.39977919688751484,0.3513363788530256,0.24888442425945956,2.0,0.35972395771583554,0.02394618508917845,0.2588716031986952,-41.0,2,402.68647480010986,(n - (cos(n) / neg(cos(n))))
4,8,2000,10000,8,0.9070389195113814,0.07605039493723033,0.01691068555138829,2.0,0.20655525448161832,0.43729181245732274,0.4551854121526649,-38.0,2,975.9683759212494,(n + (n / (pi - (pi - n))))
4,12,300,10000,8,0.2720442138246497,0.44773136128690566,0.2802244248884446,2.0,0.13760596684328336,0.08347010594799609,0.34859793639708286,-3.0,1,145.7557818889618,((n ** atan(n)) + n)
4,13,100,10000,8,0.2720442138246497,0.44773136128690566,0.2802244248884446,2.0,0.13760596684328336,0.08347010594799609,0.34859793639708286,-39.0,2,47.09136128425598,(n + (atan(n) ** sin((n * pi))))
4,3,2000,10000,8,0.2461468379619929,0.27844201124881596,0.47541115078919116,2.0,0.20655525448161832,0.43729181245732274,0.4551854121526649,-39.0,2,1193.7135190963745,(n + (sin(n) ** sin((n * pi))))
4,11,2000,10000,8,0.2461468379619929,0.27844201124881596,0.47541115078919116,2.0,0.20655525448161832,0.43729181245732274,0.4551854121526649,-38.0,2,1293.525548696518,(n + (((atan(n) / n) / atan(n)) * n))
4,14,2000,10000,8,0.2461468379619929,0.27844201124881596,0.47541115078919116,2.0,0.20655525448161832,0.43729181245732274,0.4551854121526649,-39.0,2,1175.804000377655,(n + (sin(n) ** sin((n * pi))))
4,10,2000,10000,15,0.5852303709473347,0.25227632907662456,0.16249329997604078,2.0,0.5600158818187077,0.30732724187572363,0.3001715412578494,-39.0,2,2027.7423322200775,(n + (atan(n) ** sin((n * pi))))
4,5,2000,10000,15,0.40342349416963785,0.563009430486801,0.03356707534356118,2.0,0.5600158818187077,0.30732724187572363,0.3001715412578494,-42.0,2,2824.466015100479,(1 - neg(n))
4,1,2000,10000,15,0.40342349416963785,0.563009430486801,0.03356707534356118,2.0,0.5600158818187077,0.30732724187572363,0.3001715412578494,-41.0,2,2838.596798658371,(n + (cos(n) / cos(neg(n))))
4,6,2000,10000,15,0.40342349416963785,0.563009430486801,0.03356707534356118,2.0,0.5600158818187077,0.30732724187572363,0.3001715412578494,-41.0,2,2895.5882573127747,((cos(neg(n)) / cos(n)) + n)
4,7,2000,10000,15,0.40342349416963785,0.563009430486801,0.03356707534356118,2.0,0.5600158818187077,0.30732724187572363,0.4464830798564424,-39.0,2,3177.76832652092,((sin(n) ** sin((n * pi))) + n)
4,20,1500,4000,8,0.39977919688751484,0.3513363788530256,0.24888442425945956,2.0,0.35972395771583554,0.02394618508917845,0.2588716031986952,-40.0,2,367.6009957790375,(n - cos((n - (pi + n))))
4,15,2000,10000,15,0.37291281538567556,0.3153316358137598,0.31175554880056466,2.0,0.5600158818187077,0.30732724187572363,0.3001715412578494,-41.0,2,2330.453221797943,(n - (sin(n) / sin(neg(n))))
4,17,2000,10000,15,0.6539729310189398,0.3204916242248188,0.025535444756241366,2.0,0.5600158818187077,0.30732724187572363,0.3001715412578494,-40.0,2,1807.8643641471863,((tan(n) * tan(asin(cos(n)))) + n)
4,16,2000,10000,15,0.40342349416963785,0.563009430486801,0.03356707534356118,2.0,0.5600158818187077,0.30732724187572363,0.3001715412578494,-41.0,2,2699.878376722336,(n + (cos(neg(n)) / cos(n)))
4,18,2000,10000,15,0.40342349416963785,0.563009430486801,0.03356707534356118,2.0,0.5600158818187077,0.30732724187572363,0.3001715412578494,-41.0,2,2544.9179272651672,((cos(n) / cos(neg(n))) + n)
4,19,2000,10000,15,0.40342349416963785,0.563009430486801,0.03356707534356118,2.0,0.5600158818187077,0.30732724187572363,0.3001715412578494,-39.0,2,2972.5733399391174,(((n + 1) - n) + n)
5,2,1500,4000,8,0.39977919688751484,0.3513363788530256,0.24888442425945956,2.0,0.35972395771583554,0.02394618508917845,0.2588716031986952,-40.0,2,315.36320781707764,(cos(tan(tan((n * pi)))) + n)
5,7,1500,4000,8,0.21497376538913548,0.5781446838991697,0.20688155071169478,2.0,0.35972395771583554,0.02394618508917845,0.2588716031986952,-41.0,2,511.51288175582886,((n + n) - sin((pi / n)))
5,9,1500,4000,8,0.39977919688751484,0.3513363788530256,0.24888442425945956,2.0,0.35972395771583554,0.02394618508917845,0.2588716031986952,-39.0,2,428.4060287475586,((atan(n) ** sin((n * pi))) + n)
5,6,2000,10000,15,0.9000134874652435,0.08822057458690377,0.011765937947852773,2.0,0.5600158818187077,0.30732724187572363,0.3001715412578494,-41.0,2,1062.7242374420166,((cos(neg(n)) / cos(n)) + n)
5,10,2000,10000,15,0.8597348269060024,0.008899588835011017,0.13136558425898653,2.0,0.5600158818187077,0.30732724187572363,0.3001715412578494,-38.0,2,604.1846804618835,(n + (n / (euler_gamma / (euler_gamma / n))))
5,8,2000,10000,15,0.37291281538567556,0.3153316358137598,0.31175554880056466,2.0,0.5600158818187077,0.30732724187572363,0.3001715412578494,-41.0,2,2382.195838689804,((cos(neg(n)) / cos(n)) + n)
5,5,2000,10000,15,0.37291281538567556,0.3153316358137598,0.31175554880056466,2.0,0.5600158818187077,0.30732724187572363,0.3001715412578494,-39.0,2,2498.8633799552917,((sin(n) ** tan((n * pi))) + n)
5,13,2000,10000,7,0.40342349416963785,0.563009430486801,0.03356707534356118,2.0,0.5600158818187077,0.30732724187572363,0.3001715412578494,-39.0,2,1535.4959120750427,((sin(n) ** sin((n * pi))) + n)
5,4,2000,10000,15,0.40342349416963785,0.563009430486801,0.03356707534356118,2.0,0.5600158818187077,0.30732724187572363,0.3001715412578494,-41.0,2,2692.647468328476,(sin((asin(cos(n)) + n)) + n)
5,1,2000,10000,15,0.40342349416963785,0.563009430486801,0.03356707534356118,2.0,0.5600158818187077,0.30732724187572363,0.3001715412578494,-41.0,2,2802.341253757477,(n + (cos(n) / cos(neg(n))))
5,3,2000,10000,15,0.40342349416963785,0.563009430486801,0.03356707534356118,2.0,0.5600158818187077,0.30732724187572363,0.3001715412578494,-39.0,2,2881.194674015045,((sin(n) ** sin((n * pi))) + n)
5,15,1500,4000,8,0.39977919688751484,0.3513363788530256,0.24888442425945956,2.0,0.35972395771583554,0.02394618508917845,0.2588716031986952,-39.0,2,400.8746314048767,((atan(n) ** sin((n * pi))) + n)
5,18,1500,4000,8,0.39977919688751484,0.3513363788530256,0.24888442425945956,2.0,0.35972395771583554,0.02394618508917845,0.15755903557695833,-38.0,2,373.29630637168884,((e / ((n * e) / n)) + n)
5,12,2000,10000,15,0.40342349416963785,0.563009430486801,0.03356707534356118,2.0,0.5600158818187077,0.30732724187572363,0.3001715412578494,-41.0,2,2789.278233528137,(n + (cos(neg(n)) / cos(n)))
5,11,2000,10000,15,0.40342349416963785,0.563009430486801,0.03356707534356118,2.0,0.5600158818187077,0.30732724187572363,0.3001715412578494,-39.0,2,3151.536963224411,(n + (n / ((n + n) + neg(n))))
5,14,2000,10000,15,0.40342349416963785,0.563009430486801,0.03356707534356118,2.0,0.5600158818187077,0.30732724187572363,0.3001715412578494,-39.0,2,2143.6820781230927,(((phi * phi) - phi) + n)
5,16,2000,10000,15,0.40342349416963785,0.563009430486801,0.03356707534356118,2.0,0.5600158818187077,0.30732724187572363,0.3001715412578494,-41.0,2,2446.1437888145447,(sin((n + asin(cos(n)))) + n)
5,17,2000,10000,15,0.40342349416963785,0.563009430486801,0.03356707534356118,2.0,0.5600158818187077,0.30732724187572363,0.3001715412578494,-41.0,2,2461.2776777744293,((n + n) - sin((pi / n)))
5,19,2000,10000,15,0.40342349416963785,0.563009430486801,0.03356707534356118,2.0,0.5600158818187077,0.30732724187572363,0.3001715412578494,-41.0,2,2393.387633562088,(n + (cos(neg(n)) / cos(n)))
5,20,2000,10000,15,0.40342349416963785,0.563009430486801,0.03356707534356118,2.0,0.5600158818187077,0.30732724187572363,0.3001715412578494,-42.0,2,2565.1764512062073,(1 - neg(n))
6,2,1500,4000,8,0.21497376538913548,0.5781446838991697,0.20688155071169478,2.0,0.35972395771583554,0.02394618508917845,0.2588716031986952,-41.0,2,449.60598278045654,(n + sin((asin(cos(n)) + n)))
6,3,2000,10000,15,0.9000134874652435,0.08822057458690377,0.011765937947852773,2.0,0.5600158818187077,0.30732724187572363,0.3001715412578494,-3.0,1,735.8368668556213,((n ** sin(n)) + n)
6,4,2000,10000,15,0.37291281538567556,0.3153316358137598,0.31175554880056466,2.0,0.5600158818187077,0.30732724187572363,0.3001715412578494,-41.0,2,2292.9388024806976,((n + n) - sin((pi / n)))
6,8,2000,10000,15,0.37291281538567556,0.3153316358137598,0.31175554880056466,2.0,0.5600158818187077,0.30732724187572363,0.3001715412578494,-41.0,2,2381.0700600147247,(n + (cos(neg(n)) / cos(n)))
6,7,2000,10000,15,0.37291281538567556,0.3153316358137598,0.31175554880056466,2.0,0.5600158818187077,0.30732724187572363,0.3001715412578494,-39.0,2,2540.6700081825256,(n + (n / ((n + n) + neg(n))))
6,6,2000,10000,15,0.40342349416963785,0.563009430486801,0.03356707534356118,2.0,0.5600158818187077,0.30732724187572363,0.3001715412578494,-41.0,2,2740.930542945862,(n - (sin((pi / n)) - n))
6,12,1500,4000,8,0.21497376538913548,0.5781446838991697,0.20688155071169478,2.0,0.35972395771583554,0.02394618508917845,0.2588716031986952,-41.0,2,497.91234254837036,(n + (cos(n) / cos(neg(n))))
6,5,2000,10000,15,0.40342349416963785,0.563009430486801,0.03356707534356118,2.0,0.5600158818187077,0.30732724187572363,0.3001715412578494,-39.0,2,2978.2405350208282,((n / (neg(n) + (n + n))) + n)
6,1,2000,10000,15,0.40342349416963785,0.563009430486801,0.03356707534356118,2.0,0.5600158818187077,0.30732724187572363,0.3001715412578494,-39.0,2,2994.1965050697327,((sin(n) ** sin((n * pi))) + n)
6,9,2000,10000,15,0.40342349416963785,0.563009430486801,0.03356707534356118,2.0,0.5600158818187077,0.30732724187572363,0.3001715412578494,-41.0,2,2637.706554412842,((n + n) - sin((pi / n)))
6,14,1500,4000,8,0.21497376538913548,0.5781446838991697,0.20688155071169478,2.0,0.35972395771583554,0.02394618508917845,0.2588716031986952,-38.0,2,414.60304164886475,(n + (((n * pi) / pi) / n))
6,15,1500,4000,8,0.21497376538913548,0.5781446838991697,0.20688155071169478,2.0,0.35972395771583554,0.02394618508917845,0.2588716031986952,-39.0,2,543.950160741806,((sin(n) ** sin((n * pi))) + n)
6,13,2000,10000,15,0.8583176579158939,0.10235505114555318,0.039327290938552945,2.0,0.5600158818187077,0.30732724187572363,0.3001715412578494,-39.0,2,905.3197054862976,(n + (sin(n) ** sin((n * pi))))
6,18,1500,4000,8,0.21497376538913548,0.5781446838991697,0.20688155071169478,2.0,0.35972395771583554,0.02394618508917845,0.2588716031986952,-39.0,2,538.9990139007568,(n + (atan(n) ** sin((n * pi))))
6,10,2000,10000,15,0.40342349416963785,0.563009430486801,0.03356707534356118,2.0,0.5600158818187077,0.30732724187572363,0.3001715412578494,-41.0,2,3099.9204087257385,((cos(neg(n)) / cos(n)) + n)
6,19,2000,10000,15,0.9000134874652435,0.08822057458690377,0.011765937947852773,2.0,0.5600158818187077,0.30732724187572363,0.3001715412578494,-39.0,2,704.9146294593811,(cos((n * (pi + pi))) + n)
6,20,1500,4000,8,0.21497376538913548,0.5781446838991697,0.20688155071169478,2.0,0.35972395771583554,0.02394618508917845,0.2588716031986952,-38.0,2,456.857355594635,((n / ((n * catalan) / catalan)) + n)
6,16,2000,10000,15,0.37291281538567556,0.3153316358137598,0.31175554880056466,2.0,0.5600158818187077,0.30732724187572363,0.3001715412578494,-41.0,2,2062.645770072937,((n + n) - sin((pi / n)))
6,11,2000,10000,15,0.40342349416963785,0.563009430486801,0.03356707534356118,2.0,0.5600158818187077,0.30732724187572363,0.3001715412578494,-39.0,2,2796.544314622879,((atan(n) ** sin((n * pi))) + n)
6,17,2000,10000,15,0.40342349416963785,0.563009430486801,0.03356707534356118,2.0,0.5600158818187077,0.30732724187572363,0.3001715412578494,-41.0,2,2408.4517850875854,((n + n) - sin((pi / n)))
7,1,1500,4000,8,0.21497376538913548,0.5781446838991697,0.20688155071169478,2.0,0.35972395771583554,0.02394618508917845,0.2588716031986952,-39.0,2,446.9236738681793,((n - phi) + (phi * phi))
7,7,1500,4000,8,0.21497376538913548,0.5781446838991697,0.20688155071169478,2.0,0.35972395771583554,0.02394618508917845,0.2588716031986952,-38.0,2,473.5409326553345,(n + (e / ((e * n) / n)))
7,6,1500,4000,8,0.21497376538913548,0.5781446838991697,0.20688155071169478,2.0,0.35972395771583554,0.02394618508917845,0.2588716031986952,-38.0,2,516.2067701816559,(n + (((pi * n) / pi) / n))
7,5,1500,4000,8,0.21497376538913548,0.5781446838991697,0.20688155071169478,2.0,0.35972395771583554,0.02394618508917845,0.2588716031986952,-38.0,2,520.0764119625092,((n * (pi / (pi * n))) + n)
7,12,1500,4000,9,0.21497376538913548,0.5781446838991697,0.20688155071169478,2.0,0.35972395771583554,0.02394618508917845,0.2588716031986952,-39.0,2,491.87356328964233,((phi * phi) + (n - phi))
7,2,2000,10000,15,0.37291281538567556,0.3153316358137598,0.31175554880056466,2.0,0.5600158818187077,0.30732724187572363,0.3001715412578494,-41.0,2,2427.6419067382812,(n - (cos(n) / neg(cos(n))))
7,3,2000,10000,15,0.37291281538567556,0.3153316358137598,0.31175554880056466,2.0,0.5600158818187077,0.30732724187572363,0.3001715412578494,-41.0,2,2458.719717979431,((cos(neg(n)) / cos(n)) + n)
7,4,2000,10000,15,0.40342349416963785,0.563009430486801,0.03356707534356118,2.0,0.5600158818187077,0.30732724187572363,0.3001715412578494,-41.0,2,2619.588412284851,((n + n) - sin((pi / n)))
7,9,2000,10000,15,0.37291281538567556,0.3153316358137598,0.31175554880056466,2.0,0.5600158818187077,0.30732724187572363,0.3001715412578494,-41.0,2,2246.9978728294373,(n - (sin(neg(n)) / sin(n)))
7,8,2000,10000,15,0.40342349416963785,0.563009430486801,0.03356707534356118,2.0,0.5600158818187077,0.30732724187572363,0.3001715412578494,-39.0,2,2903.949742794037,(n + (atan(n) ** sin((n * pi))))
7,10,2000,10000,15,0.37291281538567556,0.3153316358137598,0.31175554880056466,2.0,0.5600158818187077,0.30732724187572363,0.3001715412578494,-39.0,2,2491.773714542389,((atan(n) ** tan((n * pi))) + n)
7,11,2000,10000,15,0.37291281538567556,0.3153316358137598,0.31175554880056466,2.0,0.5600158818187077,0.30732724187572363,0.3001715412578494,-39.0,2,2529.6305470466614,(n + (sin(n) ** sin((n * pi))))
7,17,1500,4000,8,0.21497376538913548,0.5781446838991697,0.20688155071169478,2.0,0.35972395771583554,0.02394618508917845,0.2588716031986952,-39.0,2,468.0110218524933,(((phi * phi) - phi) + n)
7,18,1500,4000,8,0.21497376538913548,0.5781446838991697,0.20688155071169478,2.0,0.35972395771583554,0.02394618508917845,0.2588716031986952,-40.0,2,482.3007996082306,(n - cos((n * (pi / n))))
7,13,2000,10000,15,0.40342349416963785,0.563009430486801,0.03356707534356118,2.0,0.44341506477047776,0.30732724187572363,0.3001715412578494,-38.0,2,3108.403234243393,"(n + (n / (nroot(n, atan(n)) ** atan(n))))"
7,20,2000,10000,15,0.6268997325607817,0.19259896175733604,0.18050130568188227,2.0,0.5600158818187077,0.30732724187572363,0.3001715412578494,-41.0,2,1629.1266248226166,(n + (cos(neg(n)) / cos(n)))
7,14,2000,10000,15,0.37291281538567556,0.3153316358137598,0.31175554880056466,2.0,0.5600158818187077,0.30732724187572363,0.3001715412578494,-41.0,2,2280.480576992035,(n + (cos(n) / cos(neg(n))))
7,16,2000,10000,15,0.37291281538567556,0.3153316358137598,0.31175554880056466,2.0,0.5600158818187077,0.30732724187572363,0.3001715412578494,-41.0,2,2197.3734028339386,(n + sin((n + asin(cos(n)))))
7,15,2000,10000,15,0.40342349416963785,0.563009430486801,0.03356707534356118,2.0,0.5600158818187077,0.30732724187572363,0.3001715412578494,-39.0,2,2607.5172007083893,(n + (sin(n) ** tan((pi * n))))
7,19,2000,10000,15,0.37291281538567556,0.3153316358137598,0.31175554880056466,2.0,0.9636374105886644,0.30732724187572363,0.3001715412578494,-41.0,2,2276.718068599701,((n + n) - sin((pi / n)))
8,7,50,10000,15,0.37291281538567556,0.3153316358137598,0.31175554880056466,2.0,0.5600158818187077,0.30732724187572363,0.3001715412578494,-3.0,1,40.943307638168335,(n + (n ** atan(n)))
8,6,200,10000,15,0.40342349416963785,0.563009430486801,0.03356707534356118,2.0,0.5600158818187077,0.30732724187572363,0.3001715412578494,-3.0,1,228.34536576271057,"(n + nroot(n, sin(n)))"
8,9,2000,10000,15,0.6268997325607817,0.19259896175733604,0.18050130568188227,2.0,0.5600158818187077,0.30732724187572363,0.3001715412578494,-40.0,2,1623.4897062778473,(n - cos((n + (pi - n))))
8,5,2000,10000,15,0.6268997325607817,0.19259896175733604,0.18050130568188227,2.0,0.5600158818187077,0.30732724187572363,0.3001715412578494,-39.0,2,1789.4060711860657,((n / (1 * n)) + n)
8,12,2000,1500,15,0.37291281538567556,0.3153316358137598,0.31175554880056466,2.0,0.5600158818187077,0.30732724187572363,0.3001715412578494,-3.0,1,291.5222637653351,"(n + nroot(n, sin(n)))"
8,8,2000,10000,15,0.37291281538567556,0.3153316358137598,0.31175554880056466,2.0,0.5600158818187077,0.30732724187572363,0.3001715412578494,-39.0,2,2279.979790210724,(pi / acos(log_{(n + n)}(n)))
8,4,2000,10000,15,0.37291281538567556,0.3153316358137598,0.31175554880056466,2.0,0.5600158818187077,0.30732724187572363,0.3001715412578494,-41.0,2,2347.49800491333,((cos(neg(n)) / cos(n)) + n)
8,1,2000,10000,15,0.37291281538567556,0.3153316358137598,0.31175554880056466,2.0,0.5600158818187077,0.30732724187572363,0.3001715412578494,-41.0,2,2413.9700272083282,((cos(neg(n)) / cos(n)) + n)
8,2,2000,10000,15,0.37291281538567556,0.3153316358137598,0.31175554880056466,2.0,0.5600158818187077,0.30732724187572363,0.3001715412578494,-42.0,2,2487.753228664398,(1 - neg(n))
8,10,2000,10000,15,0.37291281538567556,0.3153316358137598,0.31175554880056466,2.0,0.5600158818187077,0.30732724187572363,0.3001715412578494,-40.0,2,2262.346423149109,(n - cos((n + (pi - n))))
8,3,2000,10000,15,0.40342349416963785,0.563009430486801,0.03356707534356118,2.0,0.5600158818187077,0.30732724187572363,0.3001715412578494,-39.0,2,2924.03426194191,((sin(n) ** sin((n * pi))) + n)
8,19,50,10000,15,0.37291281538567556,0.3153316358137598,0.31175554880056466,2.0,0.5600158818187077,0.30732724187572363,0.3001715412578494,-3.0,1,38.86551380157471,"(nroot(n, sin(n)) + n)"
8,18,2000,10000,15,0.6268997325607817,0.19259896175733604,0.18050130568188227,2.0,0.5600158818187077,0.30732724187572363,0.3001715412578494,-41.0,2,1660.8579077720642,((n + n) - sin((pi / n)))
8,11,2000,10000,15,0.37291281538567556,0.3153316358137598,0.31175554880056466,2.0,0.5600158818187077,0.30732724187572363,0.3001715412578494,-39.0,2,2558.9372816085815,((atan(n) ** tan((pi * n))) + n)
8,13,2000,10000,15,0.37291281538567556,0.3153316358137598,0.31175554880056466,2.0,0.5600158818187077,0.30732724187572363,0.3001715412578494,-41.0,2,2346.001763820648,(n + (cos(n) / cos(neg(n))))
8,14,2000,10000,15,0.37291281538567556,0.3153316358137598,0.31175554880056466,2.0,0.5600158818187077,0.30732724187572363,0.3001715412578494,-39.0,2,2351.856950521469,((sin(n) ** sin((pi * n))) + n)
8,15,2000,10000,15,0.37291281538567556,0.3153316358137598,0.31175554880056466,2.0,0.5600158818187077,0.30732724187572363,0.3001715412578494,-39.0,2,2432.459139108658,(n + ((n * 1) / n))
8,16,2000,10000,15,0.37291281538567556,0.3153316358137598,0.31175554880056466,2.0,0.5600158818187077,0.30732724187572363,0.3001715412578494,-39.0,2,2446.9859957695007,((sin(n) ** sin((n * pi))) + n)
8,20,2000,10000,15,0.37291281538567556,0.3153316358137598,0.31175554880056466,2.0,0.5600158818187077,0.30732724187572363,0.3001715412578494,-39.0,2,2143.56728720665,(((1 / n) * n) + n)
8,17,2000,10000,15,0.40342349416963785,0.563009430486801,0.03356707534356118,2.0,0.5600158818187077,0.30732724187572363,0.3001715412578494,-38.0,2,2624.4116196632385,(((n / (n * euler_gamma)) * euler_gamma) + n)
